{"max": [1.660158, 2.680298, 2.677192], "min": [-1.912585, -2.283323, -2.699091], "vertices": [[-1.173056, 0.5017481, -1.00571], [-1.078016, 1.003414, -0.2285141], [-0.9971712, 0.08706784, 2.581605], [1.288768, 0.09920025, 2.173921], [0.2854221, 0.1362479, 2.459805], [0.6250957, -1.366504, -1.738904], [-0.7737446, 0.0304482, -2.064241], [0.0752538, -1.58504, -0.5282749], [-0.623959, -1.488974, 1.856624], [0.7824999, -1.478043, 0.1674174], [-0.6163865, 0.8912106, -0.8521855], [0.3451495, -0.8850758, 2.298349], [-0.7558297, -1.365531, 1.667634], [-0.7558297, -1.365531, 1.667634], [0.4795367, 1.450401, -1.679807], [0.4795367, 1.450401, -1.679807], [0.6408039, -1.205336, -0.2274138], [1.385554, 0.8048908, 1.323958], [-0.04828152, 2.079689, 0.960537], [-0.3620556, -0.5775194, -2.274097], [-0.9315276, -1.13653, 1.953551], [-1.187694, 1.511718, 1.377566], [-1.321902, 1.222061, 0.3048612], [0.0445697, 0.6620945, -2.092342], [-0.6266623, 0.3932999, -1.873932], [-0.9227775, 0.5467975, 2.624132], [-1.704005, 0.698504, 2.545995], [-1.704005, 0.698504, 2.545995], [1.032827, -1.551051, 0.2762623], [-0.1793637, -0.1893029, 2.63686], [-0.6430693, 1.912528, 1.740908], [-0.09088497, -1.803036, -1.431464], [-0.09088497, -1.803036, -1.431464], [0.6482664, 0.9728365, 2.308661], [0.8412904, -1.839695, 1.598046], [0.9573864, -1.011137, -0.5946512], [0.5077301, -1.37263, 0.1472675], [0.2267189, 0.4574821, 2.42458], [-0.394483, -1.662016, -1.372322], [0.6941442, -0.9618866, -1.178177], [-1.226547, 1.24141, 2.509599], [-1.226547, 1.24141, 2.509599], [0.5056002, 1.741679, -0.6286269], [0.5056002, 1.741679, -0.6286269], [-1.706035, 0.462692, 2.554884], [-1.706035, 0.462692, 2.554884], [-0.9136382, -0.03320158, -1.291102], [-1.550643, 0.9306052, 0.2687048], [-1.317299, 0.4382, 2.677192], [0.9765455, 0.2592372, -2.258688], [0.9765455, 0.2592372, -2.258688], [0.6144207, 1.503243, -1.341292], [0.9245135, 1.639434, 0.00557518], [-0.773834, -0.5417839, -1.261947], [-1.470474, 0.5246758, -0.2939349], [1.37983, 0.441047, 2.182303], [1.018166, -0.268503, 2.208263], [0.6834025, 2.59687, 1.696378], [0.6834025, 2.59687, 1.696378], [0.7426358, -1.497285, 2.093496], [0.7553462, -0.6888334, 2.321048], [0.7103158, -1.81349, 1.942207], [-0.1201405, -1.355496, 1.82559], [0.5792643, 1.970414, 0.1652212], [0.5792643, 1.970414, 0.1652212], [-1.16588, -0.7605646, 1.953336], [-1.16588, -0.7605646, 1.953336], [-1.005624, 0.7884595, 2.578307], [-0.5178928, -0.2795548, -2.358917], [1.587144, 0.4228379, -0.6470778], [-1.595896, 0.7538773, 0.05251765], [1.109448, 1.539165, 0.415979], [1.026888, -1.030137, -0.0919323], [-0.7773283, 0.3201342, 2.59884], [1.072625, 1.449481, 0.7084367], [-0.3606575, -1.607462, 1.784187], [-0.4234543, -1.668425, -0.4608979], [0.7370526, 1.772903, 0.2738897], [-0.2629858, 0.7443173, 2.450564], [-0.6410978, -1.708803, 1.537659], [-1.593981, 0.03268874, 1.340729], [-0.8742754, 1.682032, 1.981739], [1.404419, -0.1817603, 1.258781], [0.9386219, -0.6708531, 2.275376], [-0.3240725, -0.9674716, 2.124717], [-0.5244565, -1.494891, -0.8787169], [1.390124, 1.310787, -0.5236974], [-0.754772, -1.272882, 0.4839734], [0.2296248, -1.445621, -0.6449757], [-1.441364, 1.329407, 0.9604101], [-0.2432328, -1.832118, -2.001396], [0.2806277, 1.359484, -1.498432], [0.6040069, 2.576887, 1.143118], [-0.785643, 0.1230221, -2.187754], [-1.365419, 0.4451119, -0.5869319], [-1.162731, -0.9313687, 1.653399], [-0.3535585, -1.748451, -0.9310735], [0.6904479, -1.297424, -2.583936], [-0.6829281, 0.1864574, 2.485439], [1.268798, 1.066317, -1.20489], [1.660158, 0.5913165, -0.3091335], [0.4335724, 0.3108041, -2.4768], [0.9664364, 1.226362, -1.644071], [-0.9701396, -0.6999894, -0.3640805], [0.74643, 2.676476, 1.548519], [0.74643, 2.676476, 1.548519], [-0.2207175, -1.803287, -0.4007676], [-0.2207175, -1.803287, -0.4007676], [-0.2597703, -0.002442837, 2.593481], [-0.1437511, 1.847665, 2.256769], [-1.619993, 1.077626, 1.029384], [0.2780038, 2.310538, 0.912199], [0.2231558, -1.227874, -2.440898], [0.8497798, -1.22882, -1.977751], [1.174887, -0.8655959, -0.1119635], [-0.6692346, -0.4266938, 2.162397], [-1.622681, 0.877022, 2.576406], [-1.622681, 0.877022, 2.576406], [-1.718361, 0.886667, 2.192232], [-0.9102637, 1.724833, 1.382072], [-0.3273389, 2.033305, 1.836835], [0.4833875, -1.352737, 2.277214], [-0.4353197, -1.717941, 0.8030567], [0.7116243, 0.7368412, -2.139214], [0.4458784, -1.595126, -2.392854], [1.294608, 1.628259, 1.389625], [-1.04696, -0.5681823, 0.7164504], [0.2454176, 2.516227, 1.699873], [0.1915373, 2.197032, 0.4491124], [-0.3123398, -1.824377, 1.630253], [-0.3123398, -1.824377, 1.630253], [0.7503674, -0.415992, -2.362819], [0.7503674, -0.415992, -2.362819], [0.5152135, -1.250145, -2.574521], [-0.5791916, 1.884092, 1.066624], [-0.4087852, 2.007241, 1.514515], [-0.4008748, -1.173754, 2.027436], [-1.718046, 1.074798, 1.726678], [-1.139358, -0.7665521, 1.352513], [0.006288077, 1.361982, -0.8504539], [-0.7694508, -1.35388, 1.152168], [-0.03469238, -1.912042, 1.152962], [-0.03469238, -1.912042, 1.152962], [1.342923, 0.1676956, -1.803164], [1.303627, -0.4489677, 1.751042], [1.407179, 0.3909024, 1.713579], [0.2072814, 2.501713, 2.05724], [0.2072814, 2.501713, 2.05724], [-0.1754002, -0.7108302, 2.283636], [-0.987253, -0.83642, 0.7109681], [0.9500014, -0.7211733, -0.9973726], [1.030091, -0.7094841, -1.250835], [0.005097736, 1.599288, 2.301667], [-0.2494123, -1.794141, 0.01243317], [-0.2494123, -1.794141, 0.01243317], [-0.7681195, -1.329878, 0.8007605], [1.198109, -1.449161, 1.026657], [1.613725, 0.9847957, -0.07768762], [-1.797987, 0.6530581, 2.275129], [-1.214051, 0.5985397, -0.6285076], [-0.2356881, -1.188366, -2.020767], [0.9067375, -1.261286, -2.225811], [0.6624239, -0.8704938, 2.372838], [-0.8361924, -1.206442, 1.702768], [-0.8361924, -1.206442, 1.702768], [1.421638, 0.952051, 0.9380953], [1.459718, 1.005491, -0.5830958], [1.304582, 1.206527, -0.7572079], [-1.210682, -0.548979, 1.994038], [-1.210682, -0.548979, 1.994038], [0.7025212, -0.07922649, -2.463281], [-1.287802, -0.4557655, 2.104178], [-1.287802, -0.4557655, 2.104178], [0.3434761, 0.593856, -2.313576], [0.8435209, -0.8673489, -2.407952], [0.8435209, -0.8673489, -2.407952], [0.3190153, -2.015504, 0.9580743], [0.3034121, -1.749394, -2.200684], [0.3034121, -1.749394, -2.200684], [-1.511121, 1.267284, 1.363016], [1.382959, 0.5388559, -1.526602], [0.8456534, 1.98448, 1.064089], [1.255599, 0.4629662, -1.990602], [-0.09441188, -1.807561, 1.015716], [-0.09441188, -1.807561, 1.015716], [0.09812574, 2.345679, 1.442474], [-0.2903773, -1.361462, 1.792176], [-1.8874, 0.834676, 1.803555], [0.3848176, -1.197388, -0.6934122], [0.1734, -1.885463, 0.7800237], [1.308696, -0.2389097, -1.521212], [0.3021245, -1.183627, -0.3021018], [-0.3823683, -0.2552869, 2.38271], [0.9178941, -0.6156971, -2.149233], [0.4481341, -1.749041, 0.7306695], [-0.2687683, -1.353948, -1.906194], [-0.1095107, 0.06315303, -2.659459], [-0.6351043, -0.5304588, -1.837273], [-0.723455, -1.261035, 1.407752], [1.399297, 0.8096554, 2.118776], [0.726337, 1.59079, -0.7173395], [0.5389194, 1.679552, -0.8682015], [0.5389194, 1.679552, -0.8682015], [-1.227263, -0.4370304, 1.528873], [-1.619647, 0.01640403, 1.642396], [-0.1908214, 0.4920512, -2.290863], [-0.7590185, -1.552505, 1.670973], [-0.8971356, -0.4163933, -0.7288072], [1.214506, 0.2452556, -2.157308], [-0.0784476, -1.856345, 1.781695], [0.5291556, 1.915718, 0.009635687], [0.5291556, 1.915718, 0.009635687], [0.1211428, -0.5851672, -2.600635], [-1.371734, -0.05032063, 2.540356], [0.4496113, 1.604783, -1.241534], [0.4496113, 1.604783, -1.241534], [0.8053617, -1.024442, -1.501775], [-0.2254863, -0.2889359, -2.409845], [0.2701758, 1.518987, 2.283422], [1.303699, -0.09253085, 0.2799121], [0.3483659, -2.202692, 1.736001], [0.3483659, -2.202692, 1.736001], [0.8453387, 2.562369, 1.201089], [0.8453387, 2.562369, 1.201089], [1.43206, 1.457882, -0.003129959], [0.8104997, -0.663188, -2.368783], [0.8104997, -0.663188, -2.368783], [0.6867493, -2.283323, 1.320082], 