{"max": [2.056304, 1.277746, 1.417077], "min": [-1.84105, -1.277746, -1.417077], "vertices": [[0.2576, -0.874954, 0.984159], [-0.55232, 1.055845, 1.131221], [0.309504, 0.837614, -1.236904], [0.309504, 0.837614, -1.236904], [-1.726016, -1.154591, 0.550171], [0.673408, -0.795068, 0.448345], [0.467776, 1.097396, 0.907509], [-0.149568, 1.259598, -0.386534], [-0.450647, 1.199744, 0.685438], [-1.200727, 0.817142, 0.345792], [0.32053, -0.878023, -0.993858], [0.32053, -0.878023, -0.993858], [1.731602, -0.564907, -0.348791], [1.731602, -0.564907, -0.348791], [-0.585454, -1.092799, 1.060046], [-0.585454, -1.092799, 1.060046], [0.515026, 1.169505, -1.184271], [1.116155, 1.126403, -0.487014], [-0.490117, -1.017094, -0.744561], [-0.490117, -1.017094, -0.744561], [0.871099, 1.161876, -0.932062], [0.871099, 1.161876, -0.932062], [0.761659, 1.150059, -1.077478], [-1.030021, 0.485709, 0.700602], [-0.899461, 1.034965, -0.712615], [-0.899461, 1.034965, -0.712615], [-1.079493, 0.254352, 0.921884], [-0.179653, 1.142777, 1.109256], [1.716347, -0.426234, -1.187899], [1.716347, -0.426234, -1.187899], [-1.406364, 0.493689, 0.52933], [0.966756, 1.012143, 0.845512], [0.631396, 0.187649, -1.001191], [0.856228, 0.682865, -1.036029], [1.303908, -0.714793, 0.20608], [-1.71254, -0.437512, 0.308575], [-0.742556, -1.142163, -0.356135], [-0.742556, -1.142163, -0.356135], [1.148941, 0.980247, 0.986004], [1.148941, 0.980247, 0.986004], [1.820749, 0.034779, -0.588856], [1.817549, -0.631166, -0.541821], [1.817549, -0.631166, -0.541821], [-0.911219, -0.86731, 0.86981], [1.584694, 0.912087, 0.781039], [1.584694, 0.912087, 0.781039], [0.467382, 0.221533, -1.183026], [0.467382, 0.221533, -1.183026], [-1.556362, 0.648976, 0.152395], [-1.151562, 1.139012, 0.268597], [-1.151562, 1.139012, 0.268597], [1.32575, -0.156393, 0.61082], [1.856671, -0.602178, -1.131888], [1.856671, -0.602178, -1.131888], [1.896735, -0.618807, -0.715357], [1.896735, -0.618807, -0.715357], [-1.227937, -1.243308, 0.66806], [-1.227937, -1.243308, 0.66806], [1.256543, 0.768195, 1.067591], [0.394143, -0.788833, 1.168018], [0.394143, -0.788833, 1.168018], [0.516703, 0.100531, -1.271529], [0.496479, 0.073527, 1.196382], [0.225887, 0.55579, -1.180595], [0.225887, 0.55579, -1.180595], [-0.720417, 0.849717, -1.027493], [-1.691617, -1.230715, -0.044836], [-0.08236, -0.865584, 1.255478], [-0.08236, -0.865584, 1.255478], [-1.64204, -0.035446, -0.787629], [0.94996, 0.986907, 1.10701], [0.94996, 0.986907, 1.10701], [1.437576, -0.267908, -1.255728], [0.120392, -0.629324, -1.096823], [0.485576, 1.234883, -1.066333], [0.485576, 1.234883, -1.066333], [1.085425, -0.081617, -1.322853], [1.362097, 0.988184, -0.772814], [0.813233, 0.843986, 1.154067], [-1.262758, -0.248172, -0.804323], [1.992026, 0.566347, -0.211481], [-1.596646, 0.191887, -0.763216], [-0.612198, 1.158063, -0.036438], [-0.642342, 1.062394, 0.746754], [-0.642342, 1.062394, 0.746754], [-0.628413, 0.845532, 1.16779], [0.635779, -0.659438, 1.240579], [-0.303933, -1.127063, 0.27919], [-1.655933, 0.513836, 0.006433], [-1.486781, 0.430595, 0.24106], [-1.124989, -0.130166, 0.889974], [1.547651, 0.940686, 0.622116], [1.547651, 0.940686, 0.622116], [1.925955, 0.942618, -0.028699], [1.925955, 0.942618, -0.028699], [1.372867, -0.064288, -0.785866], [1.372867, -0.064288, -0.785866], [1.264771, 1.096732, -0.56525], [0.731971, 0.135577, -1.076809], [0.731971, 0.135577, -1.076809], [-0.887421, 0.353718, -0.96589], [-0.618045, -0.3674, 1.386973], [1.136556, 1.010583, -0.86465], [-0.968404, 0.609461, -0.930375], [-0.584916, 1.07477, 0.899903], [-0.47874, 1.268825, 0.066833], [1.531564, 0.17511, 0.619785], [-1.833643, -0.82389, 0.380164], [0.678165, 0.216909, 1.178473], [-1.469995, -0.664231, -0.685313], [0.359125, -0.932606, -0.897907], [1.875646, 0.070543, -0.22454], [-0.189954, -0.630762, 1.196798], [-0.189954, -0.630762, 1.196798], [-0.090306, 0.652807, -1.291073], [1.127358, 0.358873, -0.856597], [-0.825602, 1.070653, -0.33115], [1.682174, -0.096239, -0.673164], [0.272679, -0.824386, 1.177616], [0.272679, -0.824386, 1.177616], [-0.416025, 1.144417, 1.104175], [0.060519, 1.086048, -1.370403], [-0.448025, -1.057812, -0.55543], [-0.448025, -1.057812, -0.55543], [0.407399, 1.225127, -0.299887], [0.410151, -0.348564, -1.159772], [-1.114777, -0.927595, -0.421279], [1.922192, -0.287151, -0.843909], [-0.581232, -0.491003, 1.353989], [-0.90104, -1.194994, 0.844261], [-0.90104, -1.194994, 0.844261], [0.073488, -0.612338, 1.153797], [0.073488, -0.612338, 1.153797], [-1.480304, -1.234353, -0.063699], [-1.480304, -1.234353, -0.063699], [1.668752, 0.921542, 0.571555], [1.668752, 0.921542, 0.571555], [-0.48792, -1.022849, -0.562251], [-0.83064, 0.38941, 1.035189], [-0.83064, 0.38941, 1.035189], [1.378064, 0.485919, 1.033549], [-0.000112, -0.934137, 1.221694], [-1.516528, 0.684821, -0.070083], [-1.108167, -0.931246, -0.535492], [0.093241, 1.207784, -0.200647], [-1.682055, -1.237072, 0.570221], [-1.682055, -1.237072, 0.570221], [1.917881, 0.911418, 0.122968], [1.693241, 0.885074, 0.60014], [-0.250439, 0.886435, -1.417077], [1.567609, -0.630932, 0.129851], [1.567609, -0.630932, 0.129851], [0.855906, -0.214969, 1.284131], [-1.743134, -0.605898, 0.481534], [0.176482, -0.851166, -1.020769], [1.661538, -0.581958, -1.373617], [1.661538, -0.581958, -1.373617], [1.661538, -0.581958, -1.373617], [0.876194, -0.854302, -1.19509], [0.876194, -0.854302, -1.19509], [-1.001269, 0.149903, -0.913973], [-0.354997, -0.852876, -0.886055], [-0.718709, 1.183453, 0.701644], [-0.718709, 1.183453, 0.701644], [-0.328629, 0.263759, -1.243497], [1.004491, 0.32699, 1.198654], [1.500683, -0.517331, 0.399072], [-0.509941, -0.952048, 1.281855], [-1.235852, 0.55553, -0.858745], [1.09202, -0.61983, 0.699884], [1.09202, -0.61983, 0.699884], [-0.8523, 1.187101, 0.416569], [-0.629452, -0.417668, -1.008375], [-0.668556, 0.962231, 0.757125], [-0.668556, 0.962231, 0.757125], [-1.5323, -1.216234, 0.588741], [-1.5323, -1.216234, 0.588741], [-0.430604, -0.452815, 1.156723], [-1.300236, -1.169112, -0.197112], [-1.300236, -1.169112, -0.197112], [0.108829, -0.949285, -0.923945], [0.108829, -0.949285, -0.923945], [1.239069, -0.013468, -0.900247], [1.239069, -0.013468, -0.900247], [1.642781, -0.691162, -1.310506], [-1.546851, 0.620447, -0.287587], [-0.171875, -0.978731, 1.176619], [-0.171875, -0.978731, 1.176619], [1.165085, -0.848604, -0.817653], [-1.590627, -1.259276, 0.544101], [1.190109, -0.023118, -1.03755], [-0.642915, 0.138821, 1.122933], [-0.642915, 0.138821, 1.122933], [-1.381306, -1.075472, 0.6331], [0.204038, -0.800875, 1.231344], [0.204038, -0.800875, 1.231344], [0.204038, -0.800875, 1.231344], [-0.468346, 0.394377, -1.216698], [1.074374, 0.985698, 1.004172], [1.074374, 0.985698, 1.004172], [-0.82201, 0.084248, -0.950929], [2.007878, -0.575847, -1.000795], [-1.571002, -0.454927, 0.465358], [-1.106897, 1.199173, 0.583919], [-1.106897, 1.199173, 0.583919], [0.014447, -0.993217, -0.903507], [0.014447, -0.993217, -0.903507], [-1.288401, 0.051458, 0.468219], [0.699311, 0.109917, -1.220542], [-0.624465, -0.036639, -1.069107], [1.755823, -0.61786, -1.107106], [0.348335, -0.998629, -0.679811], [-0.582929, -1.12422, -0.459749], [-0.582929, -1.12422, -0.459749], [0.082287, 1.277746, -0.64098], [-1.114385, 1.007239, 0.334739], [-0.647057, 0.966917, 1.005166], [-0.553809, 1.070753, -0.96997], [-0.176977, 1.1413, -1.100499], [-0.176977, 1.1413, -1.100499], [0.949016, 1.123179, -0.754423], [-1.354216, 0.939413, -0.490485], [-1.354216, 0.939413, -0.490485], [-1.257192, -0.074892, -0.85842], [-0.302312, -1.071971, -0.774375], [-0.803624, -1.126762, -0.409513], [-1.264232, 0.991511, -0.322646], [1.600449, 0.473088, 0.580393], [-1.712959, 0.351268, 0.146402], [1.683841, 0.965819, 0.322817], [-0.194687, -0.876938, 1.177275], [-1.267158, -0.488722, 0.623012], [-0.920406, -1.041284, 0.81992], [0.663146, -0.154654, 1.220038], [1.751082, 1.003923, -0.459168], [1.751082, 1.003923, -0.459168], [0.837587, -0.615593, 1.197033], [0.837587, -0.615593, 1.197033], 