{"max": [1.017765, 0.3831781, 1.04302], "min": [-1.128644, -0.1587413, -1.083907], "vertices": [[-0.004177923, 0.1675421, 1.04302], [-0.05122048, 0.2276718, -0.02977161], [-0.2192742, 0.3429107, -0.714697], [-0.0281881, -0.05128885, -0.02082183], [0.4759323, 0.1227497, -1.022664], [0.1764482, 0.2272601, 0.06366013], [0.03496981, -0.07116194, 0.03781893], [0.06095643, 0.3142882, -0.2830572], [0.4998659, 0.2337078, -0.3954055], [-0.008496255, 0.2978834, -0.7447976], [0.4184452, 0.2839391, -0.2616398], [-0.02533078, 0.3831781, 0.04542542], [-1.071101, 0.1804242, -0.2626], [-0.0003144308, -0.01190663, 0.006419211], [0.08628015, 0.1142504, 0.2572974], [0.9207045, 0.2576575, -0.3894632], [0.07231795, 0.2003772, -0.5942481], [0.8188063, 0.03152969, 0.4976131], [-0.05457352, 0.1528738, 0.5440787], [0.2573062, 0.3828412, -0.2473673], [0.06246463, 0.2128256, 0.1640194], [0.9680212, 0.2589739, -0.2038582], [0.7060411, 0.1131866, 0.6261836], [0.1395413, 0.3249992, 0.09787571], [-0.4432862, 0.2428956, -0.3053463], [-0.6204049, 0.124449, 0.11238], [-0.07503785, 0.02946321, 0.241171], [-0.4296516, 0.317521, 0.1697469], [0.04261209, 0.3387477, 0.01231484], [-0.3720413, 0.2800184, -0.6963221], [0.2724131, 0.2512533, 0.009493146], [-0.8218562, 0.1824156, 0.5039045], [-1.128644, 0.07406825, -0.09838086], [-0.2171611, 0.2291979, -0.01569908], [1.017765, 0.1194739, -0.00148816], [-0.3181889, 0.2797675, -0.2492164], [0.05364601, 0.1850282, 0.1508629], [-0.03732868, -0.04705192, 0.04191268], [-0.03967618, 0.02563982, -0.02814287], [0.7100864, 0.06101647, -0.9051871], [-0.07109747, -0.1587413, -0.010074], [-0.06121842, 0.3215611, -0.02860796], [0.5032027, 0.1586328, 0.1520007], [-0.1600395, 0.2618019, 0.5075159], [-0.1151754, 0.379192, 0.1393243], [0.2016912, 0.3107731, -0.1891246], [-0.09468765, 0.3644515, 0.1211941], [-0.3371734, 0.2297981, -0.01952665], [0.5164791, 0.08083611, 0.7829593], [0.3514103, 0.09420393, 0.5308487], [0.1780062, 0.2523191, 0.4091026], [0.3867282, 0.1263453, 1.012048], [0.1671545, 0.1540399, 0.3164131], [-0.6721927, 0.2255834, 0.6970269], [0.225561, 0.2027536, 1.018784], [-0.9731871, 0.1678652, -0.5106808], [-0.05822259, 0.3036751, -0.008258302], [0.4989563, 0.1783454, 0.123792], [-0.03388976, 0.2997682, 0.07994691], [-0.5507435, 0.1498224, 0.8212227], [0.1194827, 0.3122846, 0.07783261], [0.2926898, 0.05250837, -1.083907], [-0.07118857, -0.04350799, 0.004065074]]}