{"max": [1.124727, 0.4528194, 1.305518], "min": [-1.193415, -0.05760742, -1.192312], "vertices": [[-0.01173238, 0.3789375, 0.5204409], [-0.1419135, 0.3854439, -0.002400412], [0.3416348, 0.3872988, -0.3901975], [1.082056, 0.1637679, 0.23012], [-0.5273827, 0.1756123, -1.068215], [-0.2888291, 0.3550619, 0.06413041], [0.2755229, 0.3141916, -0.2082255], [-0.8665443, 0.1402988, -0.786595], [0.2534941, 0.288228, 0.1107555], [-0.5005717, 0.4528194, 0.3699656], [0.2911954, 0.2887971, 0.01897197], [-1.193415, 0.1209713, 0.3280127], [-0.2298079, 0.3498354, -0.4363959], [-1.139212, 0.2950695, 0.4387034], [-0.1727326, 0.2801937, 0.6967633], [-0.1722948, 0.2784362, -0.6439545], [0.5958102, 0.2665198, -1.126501], [-0.1222184, 0.3055072, -0.2874909], [-0.5341224, 0.2198292, -0.3654609], [1.124727, 0.1711955, -0.01441951], [-0.6960575, 0.152132, 0.035392], [0.1359733, 0.4035557, -1.192312], [0.4650818, 0.1368836, 1.195518], [-0.009982518, -0.05134449, 0.03750965], [0.2587407, 0.2150119, 1.252887], [-0.4684196, 0.4140123, 0.1335162], [-0.04128358, -0.05599017, 0.03072025], [0.04048283, 0.3912723, -0.6061961], [0.03749532, -0.04866017, -0.09381241], [-0.03017057, -0.05290218, -0.001522537], [0.03524257, -0.05760742, 0.005378468], [0.02707123, 0.3380567, -0.05065009], [0.4635693, 0.3251923, 0.05096954], [-0.005834853, 0.3827305, -0.06456224], [0.5208315, 0.2685653, -0.5148411], [0.6117167, 0.2882673, -0.1003916], [1.040038, 0.05369642, 0.3787842], [0.3415062, 0.2472981, 0.6005405], [-0.02630944, 0.1438836, 1.305518], [0.352033, 0.414976, -1.156885], [-0.7306473, 0.2214209, -0.9092003], [-0.04060696, 0.336048, 0.3115503], [-1.016438, 0.3930512, 0.6696069], [0.5397553, 0.1455555, 0.3054383], [0.08160511, 0.3415332, -0.0802032]]}