{"max": [0.0460057, 1.002874, 0.9484638], "min": [-0.03145513, 0.04476548, -0.9484638], "vertices": [[0.006182872, 0.04476548, 0.7343882], [0.006182872, 0.04476548, 0.7343882], [0.006182872, 0.04476548, -0.7343881], [0.006182872, 0.04476548, -0.7343881], [0.006182872, 0.04476548, -0.7343881], [0.006182872, 0.04476548, 0.4656119], [0.006182872, 0.04476548, 0.4656119], [0.006182872, 0.04476548, 0.4656119], [0.006182872, 0.04476548, -0.1343881], [0.006182872, 0.04476548, -0.1343881], [0.006182872, 0.04476548, -0.1343881], [0.006182872, 0.04476549, -0.06561181], [0.006182872, 0.04476549, -0.06561181], [0.006182872, 0.04476549, 0.1343882], [0.006182872, 0.04476549, 0.1343882], [0.006182872, 0.04476549, -0.8656118], [0.006182872, 0.04476549, -0.8656118], [0.006182872, 0.04476549, 0.3343882], [0.006182872, 0.04476549, 0.3343882], [0.006182872, 0.04476549, 0.5343882], [0.006182872, 0.04476549, 0.5343882], [0.006182872, 0.04476549, -0.4656118], [0.006182872, 0.04476549, -0.4656118], [0.006182872, 0.04476549, -0.2656118], [0.006182872, 0.04476549, -0.2656118], [0.006182872, 0.04476549, -0.6656117], [0.006182872, 0.04476549, -0.6656117], [0.006182872, 0.04476549, 0.8656118], [0.006182872, 0.04476549, 0.8656118], [0.006182872, 0.04476549, 0.8656118], [0.006182872, 0.04476549, 0.06561188], [0.006182872, 0.04476549, 0.06561188], [0.006182872, 0.04476549, 0.06561188], [0.006182872, 0.04476549, 0.2656119], [0.006182872, 0.04476549, 0.2656119], [0.006182872, 0.04476549, 0.2656119], [0.006182872, 0.04476549, -0.5343881], [0.006182872, 0.04476549, -0.5343881], [0.006182872, 0.04476549, -0.5343881], [0.006182872, 0.04476549, 0.6656119], [0.006182872, 0.04476549, 0.6656119], [0.006182872, 0.04476549, 0.6656119], [0.006182872, 0.04476549, -0.3343881], [0.006182872, 0.04476549, -0.3343881], [0.006182872, 0.04476549, -0.3343881], [0.006182872, 1.002874, 0.792136], [0.006182872, 1.002874, 0.792136], [0.006182872, 1.002874, -0.007863909], [0.006182872, 1.002874, -0.007863909], [0.006182872, 1.002874, 0.1921361], [0.006182872, 1.002874, 0.1921361], [0.006182872, 1.002874, -0.8078639], [0.006182872, 1.002874, -0.8078639], [0.006182872, 1.002874, 0.3921361], [0.006182872, 1.002874, 0.3921361], [0.006182872, 1.002874, -0.6078639], [0.006182872, 1.002874, -0.6078639], [0.006182872, 1.002874, 0.5921361], [0.006182872, 1.002874, 0.5921361], [0.006182872, 1.002874, -0.4078639], [0.006182872, 1.002874, -0.4078639], [0.006182872, 1.002874, -0.2078639], [0.006182872, 1.002874, -0.2078639], [0.006182872, 1.002874, 0.007864088], [0.006182872, 1.002874, 0.007864088], [0.006182872, 1.002874, 0.007864088], [0.006182872, 1.002874, 0.2078641], [0.006182872, 1.002874, 0.2078641], [0.006182872, 1.002874, 0.2078641], [0.006182872, 1.002874, -0.7921359], [0.006182872, 1.002874, -0.7921359], [0.006182872, 1.002874, -0.7921359], [0.006182872, 1.002874, 0.4078641], [0.006182872, 1.002874, 0.4078641], [0.006182872, 1.002874, 0.4078641], [0.006182872, 1.002874, -0.5921359], [0.006182872, 1.002874, -0.5921359], [0.006182872, 1.002874, -0.5921359], [0.006182872, 1.002874, 0.6078641], [0.006182872, 1.002874, 0.6078641], [0.006182872, 1.002874, 0.6078641], [0.006182872, 1.002874, -0.3921359], [0.006182872, 1.002874, -0.3921359], [0.006182872, 1.002874, -0.3921359], [0.006182872, 1.002874, 0.8078641], [0.006182872, 1.002874, 0.8078641], [0.006182872, 1.002874, 0.8078641], [0.006182872, 1.002874, -0.1921359], [0.006182872, 1.002874, -0.1921359], [0.006182872, 1.002874, -0.1921359], [0.006182872, 0.9314839, -0.8656117], [0.006182872, 0.9314839, -0.7343881], [0.006182872, 0.9314839, -0.7343881], [0.006182872, 0.931484, 0.5343882], [0.006182872, 0.931484, -0.4656118], [0.006182872, 0.931484, 0.7343882], [0.006182872, 0.931484, -0.2656118], [0.006182872, 0.931484, -0.06561175], [0.006182872, 0.931484, 0.1343883], [0.006182872, 0.931484, 0.3343883], [0.006182872, 0.931484, -0.6656117], [0.006182872, 0.931484, 0.2656119], [0.006182872, 0.931484, 0.2656119], [0.006182872, 0.931484, 0.4656119], [0.006182872, 0.931484, 0.4656119], [0.006182872, 0.931484, -0.5343881], [0.006182872, 0.931484, -0.5343881], [0.006182872, 0.931484, 0.6656119], [0.006182872, 0.931484, 0.6656119], [0.006182872, 0.931484, -0.3343881], [0.006182872, 0.931484, -0.3343881], [0.006182872, 0.931484, 0.8656119], [0.006182872, 0.931484, 0.8656119], [0.006182872, 0.931484, -0.1343881], [0.006182872, 0.931484, -0.1343881], [0.006182872, 0.931484, 0.06561194], [0.006182872, 0.931484, 0.06561194], [0.008367703, 0.1923155, -0.9484637], [0.008367703, 0.1923155, -0.9484637], [0.008367703, 0.1923155, -0.9484637], [0.008367703, 0.1923155, 0.9484637], [0.008367703, 0.1923155, 0.9484637], [0.008367703, 0.1923155, 0.9484637], [0.008367703, 0.6837025, -0.9484638], [0.008367703, 0.6837025, -0.9484638], [0.008367703, 0.6837025, -0.9484638], [0.008367703, 0.6837025, 0.9484638], [0.008367703, 0.6837025, 0.9484638], [0.008367703, 0.6837025, 0.9484638], [0.008367703, 0.3235392, -0.9484637], [0.008367703, 0.3235392, -0.9484637], [0.008367703, 0.3235392, 0.9484637], [0.008367703, 0.3235392, 0.9484637], [0.008367703, 0.8149262, -0.9484638], [0.008367703, 0.8149262, -0.9484638], [0.008367703, 0.8149263, 0.9484638], [0.008367703, 0.8149263, 0.9484638], [-0.03145513, 0.1923155, -0.9484637], [-0.03145513, 0.1923155, 0.9484637], [-0.03145513, 0.6837025, -0.9484638], [-0.03145513, 0.6837025, 0.9484638], [-0.03145513, 0.3235392, -0.9484637], [-0.03145513, 0.3235392, 0.9484637], [-0.03145513, 0.8149262, -0.9484638], [-0.03145513, 0.8149263, 0.9484638], [0.0460057, 0.04476548, 0.7343882], [0.0460057, 0.04476548, -0.7343881], [0.0460057, 0.04476548, 0.4656119], [0.0460057, 0.04476548, -0.1343881], [0.0460057, 0.04476549, -0.06561181], [0.0460057, 0.04476549, 0.1343882], [0.0460057, 0.04476549, -0.8656118], [0.0460057, 0.04476549, 0.3343882], [0.0460057, 0.04476549, 0.5343882], [0.0460057, 0.04476549, -0.4656118], [0.0460057, 0.04476549, -0.2656118], [0.0460057, 0.04476549, -0.6656117], [0.0460057, 0.04476549, 0.8656118], [0.0460057, 0.04476549, 0.06561188], [0.0460057, 0.04476549, 0.2656119], [0.0460057, 0.04476549, -0.5343881], [0.0460057, 0.04476549, 0.6656119], [0.0460057, 0.04476549, -0.3343881], [0.0460057, 1.002874, 0.792136], [0.0460057, 1.002874, -0.007863909], [0.0460057, 1.002874, 0.1921361], [0.0460057, 1.002874, -0.8078639], [0.0460057, 1.002874, 0.3921361], [0.0460057, 1.002874, -0.6078639], [0.0460057, 1.002874, 0.5921361], [0.0460057, 1.002874, -0.4078639], [0.0460057, 1.002874, -0.2078639], [0.0460057, 1.002874, 0.007864088], [0.0460057, 1.002874, 0.007864088], [0.0460057, 1.002874, 0.007864088], [0.0460057, 1.002874, 0.2078641], [0.0460057, 1.002874, 0.2078641], [0.0460057, 1.002874, 0.2078641], [0.0460057, 1.002874, -0.7921359], [0.0460057, 1.002874, -0.7921359], [0.0460057, 1.002874, -0.7921359], [0.0460057, 1.002874, 0.4078641], [0.0460057, 1.002874, 0.4078641], [0.0460057, 1.002874, 0.4078641], [0.0460057, 1.002874, -0.5921359], [0.0460057, 1.002874, -0.5921359], [0.0460057, 1.002874, -0.5921359], [0.0460057, 1.002874, 0.6078641], [0.0460057, 1.002874, 0.6078641], [0.0460057, 1.002874, 0.6078641], [0.0460057, 1.002874, -0.3921359], [0.0460057, 1.002874, -0.3921359], [0.0460057, 1.002874, -0.3921359], [0.0460057, 1.002874, 0.8078641], [0.0460057, 1.002874, 0.8078641], [0.0460057, 1.002874, 0.8078641], [0.0460057, 1.002874, -0.1921359], [0.0460057, 1.002874, -0.1921359], [0.0460057, 1.002874, -0.1921359], [0.0460057, 0.9314839, -0.8656117], [0.0460057, 0.9314839, -0.7343881], [0.0460057, 0.931484, 0.5343882], [0.0460057, 0.931484, -0.4656118], [0.0460057, 0.931484, 0.7343882], [0.0460057, 0.931484, -0.2656118], [0.0460057, 0.931484, -0.06561175], [0.0460057, 0.931484, 0.1343883], [0.0460057, 0.931484, 0.3343883], [0.0460057, 0.931484, -0.6656117], [0.0460057, 0.931484, 0.2656119], [0.0460057, 0.931484, 0.4656119], [0.0460057, 0.931484, -0.5343881], [0.0460057, 0.931484, 0.6656119], [0.0460057, 0.931484, -0.3343881], [0.0460057, 0.931484, 0.8656119], 