{"max": [0.70933, 0.73738, 0.67334], "min": [-0.1721, -0.15775, -0.19498], "vertices": [[0.4, 0.6133201, -0.06592], [0.42048, 0.04183, 0.502], [-0.05856, 0.28997, 0.29121], [0.336, 0.32894, -0.16793], [0.35648, 0.01581, 0.5659201], [0.53429, 0.40512, 0.22598], [0.70933, 0.18329, 0.5659201], [-0.00491, 0.10291, 0.45874], [0.49077, 0.07701, -0.06592], [0.44106, 0.51166, -0.06592], [-0.03862, 0.23443, -0.00404], [-0.03862, 0.10839, 0.04829], [0.1345, 0.45228, 0.6379001], [0.2545, 0.47719, 0.4454], [-0.10401, 0.32202, 0.50876], [0.57983, 0.03462, -0.17078], [0.57983, 0.11451, 0.56456], [0.57983, -0.00104, 0.20196], [0.3218, 0.19372, -0.06592], [0.49748, 0.48928, 0.40409], [0.28276, 0.24711, 0.502], [-0.13388, 0.34523, 0.45123], [-0.09772, 0.03943, 0.41714], [0.25737, 0.4647, 0.5659201], [0.32489, 0.51059, 0.09991001], [0.45801, 0.59285, 0.21739], [0.61342, 0.3057, 0.26783], [0.20254, 0.53842, -0.16284], [0.61086, 0.04878, -0.06592], [-0.10018, 0.39732, 0.37097], [-0.10018, -0.1122, 0.25567], [0.60894, -0.08088, 0.11522], [0.60894, 0.42065, 0.60211], [0.60894, -0.11654, 0.48796], [-0.02338, 0.19912, 0.5659201], [0.50718, 0.3496, 0.18465], [0.37022, 0.58647, 0.40125], [0.62227, 0.30638, -0.0747], [-0.04141, 0.6428, 0.40589], [0.53544, 0.21076, 0.27937], [0.53544, 0.1751, 0.65211], [0.53544, 0.50374, 0.27792], [0.41768, 0.0788, 0.56591], [0.53576, 0.28372, 0.49064], [-0.09272, 0.59274, 0.43872], [0.58696, 0.42499, 0.40392], [0.25736, 0.5296, -0.06592], [-0.03352, 0.02154, 0.00468], [0.15229, 0.23493, -0.18857], [-0.10787, 0.20984, -0.06592], [0.43805, 0.61505, 0.26043], [-0.03811, 0.65488, 0.0233], [0.08445, 0.44753, 0.48436], [0.37021, 0.26434, 0.5659201], [-0.01379, 0.49052, 0.57897], [0.2197, 0.55473, 0.30593], [0.14834, -0.12148, -0.06592], [-0.08206, 0.44633, 0.08452], [-0.08206, 0.16889, 0.32946], [-0.05582, -0.06042, -0.09759], [-0.05582, 0.0409, 0.35017], [0.52754, 0.59935, -0.10904], [0.56647, -0.01821, 0.33157], [0.45639, 0.2956, -0.06592], [0.01703, 0.43402, 0.03926], [-0.0458, 0.27643, 0.60046], [-0.04964, 0.46252, -0.19498], [0.02652, 0.63047, 0.08931001], [0.311, -0.11702, -0.06592], [0.24145, 0.50766, 0.21694], [0.46897, 0.33043, -0.06592], [-0.12079, 0.10441, 0.5659201], [0.32561, 0.28656, 0.5659201], [-0.05818, 0.28757, 0.62612], [-0.00506, 0.38658, 0.39523], [-0.1721, 0.24204, 0.17248], [-0.09146, -0.06597, 0.332], [0.04358, 0.56427, -0.06592], [0.57574, 0.40866, 0.17321], [0.26118, 0.44385, -0.002], [0.1335, 0.1369, -0.06592], [-0.07802, -0.06396, 0.62286], [0.31067, 0.48878, 0.07504001], [-0.13093, 0.37422, 0.25347], [0.45499, 0.69353, 0.5659201], [0.55227, 0.24669, -0.04624], [0.19643, 0.55964, 0.5659201], [0.59536, 0.29117, 0.4592], [0.54448, 0.51971, -0.04687], [0.1336, 0.39202, 0.502], [-0.00592, 0.05174, 0.12795], [-0.00592, 0.25579, 0.21879], [0.53093, 0.23103, 0.5659201], [0.65221, 0.39262, 0.5659201], [0.62213, 0.6196401, 0.09524], [0.67141, 0.5225, 0.21516], [0.43973, 0.53483, 0.65063], [-0.03206, 0.56154, -0.06592], [0.1993, 0.58445, 0.38763], [0.04154, 0.23504, 0.0302], [0.15642, 0.28929, 0.67334], [0.2201, 0.22773, -0.06592], [-0.05574, 0.21831, 0.04528], [0.31535, 0.58882, -0.00232], [0.26895, 0.38749, 0.5659201], [-0.09073, 0.60514, 0.00132], [0.11183, 0.06051, 0.502], [-0.0438, 0.4109, 0.28765], [0.61092, 0.54815, 0.14117], [0.63012, -0.09196001, 0.5659201], [0.0922, 0.73738, 0.35206], [0.03076, 0.29991, -0.06592], [0.20708, 0.62586, 0.55672], [0.56633, 0.09655, 0.0438], [0.45497, 0.45657, 0.02046], [0.14969, 0.49187, 0.38096], [0.33337, 0.54813, 0.50413], [0.02958, 0.45228, -0.03862], [0.50478, 0.21844, 0.2284], [0.50478, 0.33243, 0.01662], [0.50478, 0.29677, 0.38936], [0.37518, 0.61635, 0.31148], [0.10062, 0.55738, 0.01993], [0.02542, 0.57872, 0.28731], [0.50318, 0.24468, 0.5659201], [0.5109701, 0.42856, 0.08199], [0.52515, 0.71158, 0.36061], [0.36067, 0.65894, -0.02675], [0.07971, 0.37313, -0.002], [0.29283, 0.61341, 0.22327], [0.09528, 0.09107, -0.002], [0.28408, 0.57476, 0.5659201], [0.06008, 0.23055, 0.48426], [0.68792, 0.35725, -0.06592], [-0.05192, 0.50762, 0.5659201], [-0.04136, 0.5620601, 0.2788], [0.44888, 0.48945, 0.1769], [0.52952, 0.12976, 0.23976], [0.06637, 0.59152, 0.31323], [0.14125, 0.39198, 0.65003], [0.61346, 0.30192, -0.03277], [0.03426, 0.52098, 0.30858], [0.4013, 0.5507, -0.14423], [-0.04478, 0.16921, 0.34012], [0.37794, 0.09107, -0.002], [0.52674, 0.54792, 0.11852], [0.67447, 0.54484, 0.47863], [-0.11977, -0.007900001, -0.06592], [0.10135, 0.49589, 0.05642], [0.49527, 0.07295, 0.43285], [0.49527, 0.31838, 0.43333], [0.49527, 0.10861, 0.06011], [0.32695, -0.15574, 0.5659201], [0.52364, 0.58213, 0.25031], [0.13772, 0.55085, 0.44783], [0.2014, 0.19155, -0.06592], [0.02124, 0.52595, 0.16184], [0.53772, 0.4995, 0.5659201], [0.1118, 0.27957, 0.5659201], [0.4238, 0.48157, 0.62272], [0.18732, 0.10544, 0.6265], [0.45996, 0.29341, -0.002], [0.29612, 0.02893, 0.5659201], [0.48705, 0.18643, 0.27089], [0.09985, -0.15775, 0.5659201], [0.24929, 0.58071, 0.11608], [0.13217, 0.2674, -0.06592], [0.04662, 0.26378, 0.5659201], [0.22166, 0.17033, 0.5659201], [0.43926, 0.50101, 0.42495], [-0.06858, 0.47571, 0.53947], [0.41846, 0.47753, 0.502], [0.48342, 0.28727, 0.502], [0.54582, 0.58782, 0.62336], [-0.07861, 0.46806, 0.17596], [0.0, 0.0, 0.025], [0.0, 0.0, 0.475], [0.0, 0.475, 0.025], [0.0, 0.475, 0.475], [0.5, 0.0, 0.025], [0.5, 0.0, 0.475], [0.5, 0.475, 0.025], [0.5, 0.475, 0.475], [0.025, 0.0, 0.0], [0.025, 0.0, 0.5], [0.025, 0.5, 0.025], [0.025, 0.5, 0.475], [0.025, 0.475, 0.0], [0.025, 0.475, 0.5], [0.475, 0.0, 0.0], [0.475, 0.0, 0.5], [0.475, 0.5, 0.025], [0.475, 0.5, 0.475], [0.475, 0.475, 0.0], [0.475, 0.475, 0.5]]}