{"max": [0.9380344, 1.728381, 0.8509035], "min": [-0.6486861, -0.3547945, -0.8159916], "vertices": [[0.1711616, 0.4601633, -0.4722801], [-0.269888, 0.3403331, -0.03269289], [-0.269888, 0.3403331, -0.03269289], [-0.1636992, 1.32458, -0.05736869], [-0.6001971, 0.6908529, -0.4639913], [-0.6001971, 0.6908529, -0.4639913], [-0.5395123, 0.2972955, 0.7092577], [-0.07602423, 0.304186, -0.2686828], [-0.07602423, 0.304186, -0.2686828], [-0.1338623, 0.3845969, 0.06830379], [-0.1338623, 0.3845969, 0.06830379], [0.03576843, 1.009921, 0.1437349], [0.2459854, 1.431947, -0.09732307], [-0.5395122, 0.2972956, 0.7092575], [0.274491, 0.9874445, -0.1667598], [-0.01176818, -0.06760171, 0.02260897], [0.005230319, 1.482783, 0.09270053], [-0.07834087, 0.3802468, -0.02538518], [-0.1203914, 0.2216088, -0.3342613], [-0.1203914, 0.2216088, -0.3342613], [0.07659551, 1.372571, -0.0510007], [-0.1116592, 1.183676, -0.317383], [0.4453661, 0.2221437, 0.4513952], [0.4453661, 0.2221437, 0.4513952], [-0.2620028, 1.288077, 0.1699489], [0.1137924, 1.325846, -0.035467], [-0.1268399, 0.7579524, 0.0177584], [0.07101228, 1.359427, -0.307336], [0.109955, 1.252785, -0.07654974], [-0.03016404, 1.514237, 0.03347956], [0.4733138, 0.3325676, -0.6744606], [0.4733138, 0.3325676, -0.6744606], [0.4219218, 0.2351724, 0.2406749], [0.4219218, 0.2351724, 0.2406749], [0.2496876, 0.3657812, 0.7703144], [0.2496876, 0.3657812, 0.7703144], [-0.6350816, 0.3523873, 0.2442188], [-0.6350816, 0.3523873, 0.2442188], [0.1845383, 0.4975927, -0.1200583], [0.1845383, 0.4975927, -0.1200583], [-0.316062, 0.2327225, -0.171263], [-0.2195807, 1.222652, -0.09769461], [-0.1471378, 0.3140643, -0.1763046], [-0.2896325, 0.4680268, -0.5845295], [-0.2896325, 0.4680268, -0.5845295], [0.007898395, 1.297531, 0.154034], [-0.05279151, -0.3547945, 0.04074757], [-0.4396894, 0.3052705, -0.09772459], [-0.4396894, 0.3052705, -0.09772459], [0.3383791, 1.247401, -0.06603181], [-0.1098743, 0.9338598, -0.08467805], [0.1264189, 0.3604562, -0.07388427], [0.2958423, 0.2720076, 0.09480751], [0.2958423, 0.2720076, 0.09480751], [-0.1050537, 1.298301, 0.03316711], [0.1065073, 1.240757, 0.1375625], [-0.104621, 1.517134, -0.0354567], [0.04244333, 0.7017559, 0.1600499], [0.1359192, 1.055688, 0.1835114], [0.08401521, -0.07870119, 0.06510133], [0.3202034, 0.276497, 0.02031325], [0.3202034, 0.276497, 0.02031325], [0.4306163, 1.001212, 0.00536077], [0.3541747, 0.155321, -0.2013651], [0.01352318, -0.07026768, -0.009960952], [0.3436634, 0.9587662, -0.2463618], [0.4487514, 0.4234309, 0.04071113], [0.4487514, 0.4234309, 0.04071113], [0.3917735, 0.4737457, -0.4574133], [0.3917735, 0.4737457, -0.4574133], [-0.4655423, 0.6156909, -0.2405894], [-0.4655423, 0.6156909, -0.2405894], [0.6127374, 0.524904, -0.0483631], [0.6127374, 0.524904, -0.0483631], [-0.09872494, -0.06322804, 0.04365102], [0.0900469, 1.258963, -0.2457968], [0.4367503, 0.1609703, -0.8159916], [0.4367503, 0.1609704, -0.8159916], [0.0218076, 1.200695, -0.3953548], [-0.03671655, 1.114396, 0.0382016], [0.353663, 0.1827291, 0.8509035], [0.353663, 0.1827292, 0.8509035], [-0.6423485, 0.6564787, -0.6827497], [-0.6423485, 0.6564787, -0.6827497], [0.02637471, -0.05008402, 0.04489556], [-0.1523157, 0.3359763, -0.4905658], [-0.1523157, 0.3359763, -0.4905658], [0.2543352, 1.257445, -0.1829205], [0.9380344, 0.6015133, -0.2889518], [0.9380344, 0.6015134, -0.2889518], [-0.05442375, 0.2744201, -0.4614977], [-0.05442375, 0.2744201, -0.4614977], [0.08567483, 0.2472792, -0.6188452], [0.08567483, 0.2472792, -0.6188452], [-0.4466106, 0.4658612, 0.2181912], [0.5090989, 0.4576475, -0.443052], [0.5090989, 0.4576475, -0.443052], [-0.2062777, 0.899518, 0.1379013], [0.3223239, 1.352725, 0.0723219], [-0.1564908, 0.4510559, 0.2516105], [-0.1564908, 0.4510559, 0.2516105], [0.09271497, 1.069345, -0.1997002], [0.01139919, 1.421348, -0.23958], [0.4962761, 0.4585414, -0.2199245], [-0.1052343, 0.8863525, -0.4301683], [-0.2503863, 1.479231, 0.09096166], [0.160783, 0.5040473, 0.5542864], [0.160783, 0.5040473, 0.5542864], [0.3122275, 0.4540814, 0.4005234], [-0.2747728, 0.4393838, 0.427666], [-0.2747728, 0.4393838, 0.427666], [-0.02023711, 1.079921, -0.3201059], [-0.3263491, 0.5008549, -0.372457], [-0.01980446, 1.303602, -0.3707434], [0.2258967, 0.2099803, -0.3174292], [0.2258967, 0.2099803, -0.3174292], [0.758922, 0.5612609, -0.4197651], [0.758922, 0.5612609, -0.4197651], [0.04170472, 1.235078, -0.3160106], [-0.3189045, 0.9014261, -0.1692508], [0.04529138, 0.513235, 0.174944], [0.04529138, 0.513235, 0.174944], [-0.238651, 1.221403, 0.06597776], [-0.0002842426, 1.380036, -0.2211758], [-0.05542151, 1.728381, 0.04241603], [-0.6486861, 0.3236259, 0.513806], [-0.6486861, 0.3236259, 0.513806]]}