{"max": [0.5706182, 0.5068102, 0.1616414], "min": [-0.5504821, -1.490116e-08, -0.2082049], "vertices": [[0.327583, 0.2226151, 0.004758015], [0.327583, 0.4906497, -0.2082048], [0.327583, 0.228337, 0.1533103], [0.327583, 0.2228151, 0.1092651], [0.327583, 0.3256378, -0.1403468], [0.327583, 0.2425923, -0.1157753], [0.4807967, 1.490116e-08, 0.1092651], [0.4807967, 1.490116e-08, 0.1425918], [0.4807967, 0.246161, 0.01947467], [0.4807967, 0.246161, -0.01947476], [0.4807967, 0.08239022, -0.03627518], [0.4807967, 0.08239023, 0.01947461], [0.4807967, 0.08239023, -0.01947472], [0.4807967, 0.08239023, 0.03627517], [0.4807967, -1.490116e-08, -0.1425918], [0.4807967, -1.490116e-08, -0.1092652], [-0.2749868, 0.2226151, 0.004758015], [-0.2749868, 0.4906497, -0.2082048], [-0.2749868, 0.228337, 0.1533103], [-0.2749868, 0.2228151, 0.1092651], [-0.2749868, 0.3256378, -0.1403468], [-0.2749868, 0.2425923, -0.1157753], [0.2886335, 0.2226151, 0.004758015], [0.2886335, 0.4906497, -0.2082049], [0.2886335, 0.228337, 0.1533102], [0.2886335, 0.2228151, 0.1092651], [0.2886335, 0.3256378, -0.1403468], [0.2886335, 0.2425923, -0.1157754], [-0.4421338, 1.490116e-08, 0.1092651], [-0.4421338, 1.490116e-08, 0.1425918], [-0.4421338, 0.246161, 0.01947467], [-0.4421338, 0.246161, -0.01947476], [-0.4421338, 0.08239022, -0.03627518], [-0.4421338, 0.08239023, 0.01947461], [-0.4421338, 0.08239023, -0.01947472], [-0.4421338, 0.08239023, 0.03627517], [-0.4421338, -1.490116e-08, -0.1425918], [-0.4421338, -1.490116e-08, -0.1092652], [0.4418471, 1.490116e-08, 0.1092651], [0.4418471, 1.490116e-08, 0.1425917], [0.4418471, 0.246161, 0.01947458], [0.4418471, 0.246161, -0.01947476], [0.4418471, 0.246161, -0.01947476], [0.4418471, 0.08239022, -0.03627527], [0.4418471, 0.08239023, 0.01947461], [0.4418471, 0.08239023, -0.01947472], [0.4418471, 0.08239023, -0.01947472], [0.4418471, 0.08239023, 0.03627517], [0.4418471, -1.490116e-08, -0.1425918], [0.4418471, -1.490116e-08, -0.1092652], [-0.3139364, 0.2226151, 0.004758015], [-0.3139364, 0.4906497, -0.2082049], [-0.3139364, 0.228337, 0.1533102], [-0.3139364, 0.2228151, 0.1092651], [-0.3139364, 0.3256378, -0.1403468], [-0.3139364, 0.2425923, -0.1157754], [0.5706182, 0.2523008, -0.03393045], [0.5706182, 0.2523008, -0.03393045], [0.5706182, 0.231675, -0.03945705], [0.5706182, 0.231675, -0.03945705], [0.5706182, 0.3280903, -0.1153868], [0.5706182, 0.3280903, -0.1153868], [0.5706182, 0.3207871, -0.1354524], [0.5706182, 0.3207871, -0.1354524], [0.5706182, 0.3207871, -0.1354524], [0.5706182, 0.2707725, -0.09452486], [0.5706182, 0.2707725, -0.09452486], [0.5706182, 0.2634692, -0.1145904], [0.5706182, 0.2634692, -0.1145904], [0.5706182, 0.2680878, -0.09284833], [0.5706182, 0.2680878, -0.09284833], [0.5706182, 0.2680878, -0.09284833], [0.5706182, 0.2284974, 0.03609383], [0.5706182, 0.2284974, 0.03609383], [0.5706182, 0.2284974, 0.03609383], [0.5706182, 0.2284974, 0.1616414], [0.5706182, 0.2284974, 0.1616414], [0.5706182, 0.2284974, 0.03049807], [0.5706182, 0.2284974, 0.03049807], [0.5706182, 0.2284974, 0.1006451], [0.5706182, 0.2284974, 0.1006451], [0.5706182, 0.2284974, 0.1006451], [0.5706182, 0.2284974, -0.03049822], [0.5706182, 0.2284974, -0.03049822], [0.5706182, 0.2284974, -0.03049822], [0.5706182, 0.2284974, 0.09709023], [0.5706182, 0.2284974, 0.09709023], [0.5706182, 0.247462, -0.09837498], [0.5706182, 0.247462, -0.09837498], [0.5706182, 0.247462, -0.09837498], [0.5706182, 0.2498507, 0.03609383], [0.5706182, 0.2498507, 0.03609383], [0.5706182, 0.2498507, 0.03049807], [0.5706182, 0.2498507, 0.03049807], [0.5706182, 0.2498507, 0.1006451], [0.5706182, 0.2498507, 0.1006451], [0.5706182, 0.2498507, -0.03049824], [0.5706182, 0.2498507, -0.03049824], [0.5706182, 0.2498507, 0.09709014], [0.5706182, 0.2498507, 0.09709014], [0.5706182, 0.2498508, 0.1616414], [0.5706182, 0.2498508, 0.1616414], [-0.4810834, 1.490116e-08, 0.1092651], [-0.4810834, 1.490116e-08, 0.1425917], [-0.4810834, 0.246161, 0.01947458], [-0.4810834, 0.246161, -0.01947476], [-0.4810834, 0.246161, -0.01947476], [-0.4810834, 0.08239022, -0.03627527], [-0.4810834, 0.08239023, 0.01947461], [-0.4810834, 0.08239023, -0.01947472], [-0.4810834, 0.08239023, -0.01947472], [-0.4810834, 0.08239023, 0.03627517], [-0.4810834, -1.490116e-08, -0.1425918], [-0.4810834, -1.490116e-08, -0.1092652], [0.5705467, 0.4502938, -0.1636641], [0.5705467, 0.4502938, -0.1636641], [0.5705467, 0.4987778, -0.2063936], [0.5705467, 0.4987778, -0.2063936], [0.5705467, 0.4475298, -0.162542], [0.5705467, 0.4475298, -0.162542], [0.5705467, 0.4422614, -0.1834492], [0.5705467, 0.4422614, -0.1834492], [0.5705467, 0.4422614, -0.1834492], [0.5705467, 0.3883939, -0.1378886], [0.5705467, 0.3883939, -0.1378886], [0.5705467, 0.3810906, -0.1579542], [0.5705467, 0.3810906, -0.1579542], [0.5705467, 0.3810906, -0.1579542], [0.5705467, 0.3310762, -0.1170267], [0.5705467, 0.3310762, -0.1170267], [0.5705467, 0.3910135, -0.1395975], [0.5705467, 0.3910135, -0.1395975], [0.5705467, 0.4394975, -0.182327], [0.5705467, 0.4394975, -0.182327], [0.5705467, 0.5068102, -0.1866085], [0.5705467, 0.5068102, -0.1866085], [0.5705467, 0.323773, -0.1370922], [0.5705467, 0.323773, -0.1370922], [0.5705467, 0.3829811, -0.1593825], [0.5705467, 0.3829811, -0.1593825], [0.5705467, 0.3829811, -0.1593825], [-0.5504821, 0.4502938, -0.1636641], [-0.5504821, 0.4502938, -0.1636641], [-0.5504821, 0.4987778, -0.2063936], [-0.5504821, 0.4987778, -0.2063936], [-0.5504821, 0.4475298, -0.162542], [-0.5504821, 0.4475298, -0.162542], [-0.5504821, 0.4422614, -0.1834492], [-0.5504821, 0.4422614, -0.1834492], [-0.5504821, 0.4422614, -0.1834492], [-0.5504821, 0.3883939, -0.1378886], [-0.5504821, 0.3883939, -0.1378886], [-0.5504821, 0.3810906, -0.1579542], [-0.5504821, 0.3810906, -0.1579542], [-0.5504821, 0.3810906, -0.1579542], [-0.5504821, 0.3310762, -0.1170267], [-0.5504821, 0.3310762, -0.1170267], [-0.5504821, 0.3910135, -0.1395975], [-0.5504821, 0.3910135, -0.1395975], [-0.5504821, 0.4394975, -0.182327], [-0.5504821, 0.4394975, -0.182327], [-0.5504821, 0.5068102, -0.1866085], [-0.5504821, 0.5068102, -0.1866085], [-0.5504821, 0.323773, -0.1370922], [-0.5504821, 0.323773, -0.1370922], [-0.5504821, 0.3829811, -0.1593825], [-0.5504821, 0.3829811, -0.1593825], [-0.5504821, 0.3829811, -0.1593825], [-0.5504103, 0.2523008, -0.03393045], [-0.5504103, 0.2523008, -0.03393045], [-0.5504103, 0.231675, -0.03945705], [-0.5504103, 0.231675, -0.03945705], [-0.5504103, 0.3280904, -0.1153868], [-0.5504103, 0.3280904, -0.1153868], [-0.5504103, 0.3207871, -0.1354524], [-0.5504103, 0.3207871, -0.1354524], [-0.5504103, 0.3207871, -0.1354524], [-0.5504103, 0.2707726, -0.09452486], [-0.5504103, 0.2707726, -0.09452486], [-0.5504103, 0.2634692, -0.1145904], [-0.5504103, 0.2634692, -0.1145904], [-0.5504103, 0.2680878, -0.09284833], [-0.5504103, 0.2680878, -0.09284833], [-0.5504103, 0.2680878, -0.09284833], [-0.5504103, 0.2284974, 0.03609383], [-0.5504103, 0.2284974, 0.03609383], [-0.5504103, 0.2284974, 0.03609383], [-0.5504103, 0.2284974, 0.1616414], [-0.5504103, 0.2284974, 0.1616414], [-0.5504103, 0.2284974, 0.03049807], [-0.5504103, 0.2284974, 0.03049807], [-0.5504103, 0.2284974, 0.1006451], [-0.5504103, 0.2284974, 0.1006451], [-0.5504103, 0.2284974, 0.1006451], [-0.5504103, 0.2284974, -0.03049822], [-0.5504103, 0.2284974, -0.03049822], [-0.5504103, 0.2284974, -0.03049822], [-0.5504103, 0.2284974, 0.09709023], [-0.5504103, 0.2284974, 0.09709023], [-0.5504103, 0.247462, -0.09837498], [-0.5504103, 0.247462, -0.09837498], [-0.5504103, 0.247462, -0.09837498], [-0.5504103, 0.2498507, 0.03609383], [-0.5504103, 0.2498507, 0.03609383], [-0.5504103, 0.2498507, 0.03049807], [-0.5504103, 0.2498507, 0.03049807], [-0.5504103, 0.2498507, 0.1006451], [-0.5504103, 0.2498507, 0.1006451], [-0.5504103, 0.2498507, -0.03049824], [-0.5504103, 0.2498507, -0.03049824], [-0.5504103, 0.2498507, 0.09709014], [-0.5504103, 0.2498507, 0.09709014], [-0.5504103, 0.2498508, 0.1616414], [-0.5504103, 0.2498508, 0.1616414]]}