{"max": [0.748489, 1.350284, 0.7194975], "min": [-0.132457, -0.195109, -0.168015], "vertices": [[0.105984, 0.0532335, 0.630315], [0.3495885, 0.1985705, 0.6587085], [0.5954125, 0.1162765, 0.1656345], [-0.1214515, 0.5407185, 0.193637], [-0.0360755, 0.6015995, 0.1789745], [0.515177, 0.508047, -0.0105685], [0.581417, 0.9832155, 0.2119565], [0.248745, -0.09303501, -0.043332], [0.005865, 0.1748, 0.567985], [0.5409255, 0.646507, 0.4489715], [0.2671335, 0.6019101, 0.617366], [0.68885, 0.470879, 0.309856], [0.061778, 1.126632, 0.3869175], [0.0580865, 0.4241545, 0.590042], [0.3760385, 0.5504475, 0.59294], [0.057316, 0.3167905, 0.4078475], [0.6056015, 0.580037, 0.3895395], [0.170614, 0.2755745, -0.164381], [0.148534, 0.09076951, -0.036432], [0.4142185, 0.237199, -0.116288], [0.391391, 0.886995, 0.365263], [0.341343, 0.796467, -0.0353165], [0.1595395, 0.1907735, -0.084801], [0.6865155, 0.6490255, 0.501676], [0.07636, 0.9009675, 0.596597], [0.2713885, 0.559613, 0.6231735], [0.4288925, 0.0831565, -0.058305], [-0.0671715, 0.3343855, 0.426052], [-0.050255, 0.2797145, 0.2829], [0.207345, 0.06758551, 0.11546], [-0.009786501, 0.647749, 0.07803901], [0.506115, 0.0918045, 0.4591835], [0.598851, 0.5994145, 0.014168], [0.378051, 0.047426, 0.6022435], [0.1240965, 0.342056, 0.6652405], [0.5568645, 0.336881, 0.299115], [0.391253, 0.078292, 0.1504085], [0.363285, 0.8029415, -0.091701], [0.244053, 1.047041, 0.216522], [0.351486, 1.166042, 0.372669], [0.230736, 1.136533, 0.491004], [0.065872, 0.8708376, 0.0872045], [0.480953, 0.640665, 0.3725885], [0.0695175, -0.1167365, 0.250171], [0.0283015, 0.3293715, 0.214521], [0.07613, 0.448914, -0.111274], [-0.000414, 0.434838, 0.508806], [0.3094305, 1.075883, 0.3204475], [0.1372065, 1.236882, 0.1855295], [0.5685025, 0.43355, 0.506874], [0.3359265, -0.195109, 0.4285015], [-0.009993501, 1.123677, 0.333661], [0.3255995, 0.5304835, 0.024035], [0.2372565, -0.0116495, 0.097037], [0.146717, 0.1869785, 0.494316], [0.4359535, -0.097405, 0.368138], [0.3020015, 0.5017565, -0.168015], [0.32775, 0.065159, 0.45655], [0.442543, -0.159183, 0.2482275], [0.432239, 0.6818005, 0.13064], [0.5742755, -0.0089125, 0.0519455], [0.070104, 0.133308, 0.3281065], [0.3843645, 0.326209, 0.050508], [0.4932925, 0.356293, 0.142094], [0.056833, 0.8563361, 0.011914], [0.15249, 0.8384535, 0.1565495], [0.3166065, 0.726294, 0.585143], [0.3710705, 0.324047, 0.6517165], [0.2856945, 0.574816, -0.034408], [0.273171, 1.071259, 0.580313], [0.452755, 0.433113, 0.648738], [0.299644, 0.854588, 0.608419], [0.521916, 0.600392, 0.050071], [0.3268645, 1.043154, -0.0324645], [-0.030107, 0.7720985, 0.3842725], [0.4755135, 0.901922, 0.3484385], [0.2915135, 0.7134255, 0.071369], [0.527758, 0.9451391, 0.162955], [0.002254, 0.514878, 0.600852], [0.3047385, 0.7792975, 0.484541], [0.543927, 0.232691, 0.554277], [0.455584, 0.4128845, 0.010879], [0.630752, 0.1869785, 0.2521145], [0.493856, 0.342631, 0.384836], [0.362848, 1.035207, 0.48691], [0.748489, 0.6061995, 0.252448], [0.652809, 0.8241015, 0.218247], [0.446729, 0.886673, 0.2716415], [0.053705, 0.2886155, -0.042941], [0.1501095, 0.2680765, -0.043907], [0.4695335, 1.144652, 0.229241], [0.3267495, 0.775514, -0.0699315], [0.4106535, 0.5426965, 0.5130955], [0.5961255, 0.9818355, 0.201319], [0.4651175, 0.809025, -0.0126615], [0.0235175, 0.27922, -0.000115], [-0.049358, 0.457516, 0.2144405], [0.2413505, 1.002018, 0.372876], [0.177307, 0.758195, 0.007521], [-0.0398245, 0.886834, 0.14812], [0.083076, 0.579968, -0.0897], [0.35834, 0.7875316, -0.0489555], [-0.128915, 0.620977, 0.102281], [-0.071507, 0.368736, -0.0009315], [0.359789, 0.2711815, 0.615917], [0.0749455, 0.713828, 0.230897], [-0.0442865, 0.0437, 0.1965465], [-0.0545905, 0.562626, 0.533255], [0.1411625, 0.5043785, 0.0635835], [0.134527, 0.782322, 0.4673025], [0.478975, 0.3032895, -0.066585], [0.679144, 0.330533, 0.2639825], [0.476008, 0.7968465, 0.515453], [0.287592, 1.257916, 0.4081465], [0.156561, 0.977937, 0.2955155], [0.6253815, 0.5803705, 0.275563], [0.2073335, 1.350284, 0.2819915], [0.160954, 0.3810755, 0.523388], [-0.073117, -0.008383499, 0.1680495], [0.1425195, 0.917217, 0.510715], [0.5075755, 0.898771, 0.414713], [0.4560555, 0.2644425, -0.0228505], [0.6871135, 0.441646, 0.5367165], [-0.0179745, 0.9253476, 0.3925755], [-0.051106, 0.5939635, 0.4273975], [0.489118, 0.090344, 0.0059225], [0.0894585, 0.204562, 0.0961745], [0.088711, 1.047339, -0.022011], [-0.095289, 0.214544, 0.1146435], [0.4294675, 0.517569, -0.034454], [0.0511405, 0.7643935, 0.470097], [0.185817, 0.670818, 0.62514], [0.3381575, 1.321005, 0.2738955], [-0.065918, 0.0323495, 0.2789325], [0.33741, 0.012236, 0.6367895], [0.5839585, 0.6861475, 0.5081735], [0.231403, -0.1916935, 0.1435085], [-0.089516, 0.769074, 0.320091], [0.1319855, 0.368345, 0.683422], [0.194534, 0.9556385, 0.043102], [0.458022, 1.15567, 0.1200715], [0.2188105, 0.3317175, 0.038387], [0.5662025, 0.9851246, 0.507334], [0.656719, 0.2546905, 0.5227211], [0.031119, 0.526654, 0.314433], [0.456527, 0.9088565, 0.5523795], [0.3645155, 0.2972635, 0.5248485], [-0.1035805, 0.931201, 0.2296435], [0.1068925, -0.004991, 0.586408], [0.5175805, 0.8809575, 0.089838], [0.3747965, 0.2771385, -0.0205505], [0.615457, 0.024426, 0.4039605], [0.025185, 0.5019865, 0.03128], [-0.111711, 0.2960675, 0.4654395], [-0.1183695, 0.329567, -0.0040825], [0.242995, 1.081, 0.116886], [0.494707, 0.1457625, 0.290582], [0.070771, -0.0484955, 0.4084225], [0.5337035, 0.596206, 0.2706525], [0.3187915, 0.9798115, 0.1503395], [0.126684, 0.659433, 0.46414], [0.3305445, 0.5652595, -0.0434585], [0.2495845, 0.576426, 0.7194975], [0.3687935, 1.226636, 0.224158], [0.5675135, 0.6551665, 0.291939], [0.019182, 0.1816885, 0.629579], [-0.03381, 0.101798, 0.2270905], [0.6705305, 0.2317825, 0.1758005], [0.6352025, 0.4546525, 0.040641], [-0.132457, 0.384077, 0.4146095], [0.0, 0.4981685, 0.271929], [0.465129, 0.8262405, 0.271929], [0.0477595, 0.199709, 0.142508], [0.0477595, 0.199709, 0.40135], [0.013087, 0.199709, 0.271929], [0.1359645, 0.4981685, 0.036432], [0.1359645, 0.4981685, 0.507426], [0.233841, 0.0, 0.129766], [0.4141035, 0.0, 0.3100285], [0.142508, 0.199709, 0.0477595], [0.142508, 0.199709, 0.4960985], [0.185196, 1.085175, 0.271929], [0.2285625, 1.085175, 0.347047], [0.2285625, 1.085175, 0.196811], [0.347047, 1.085175, 0.2285625], [0.347047, 1.085175, 0.3152955], [0.036432, 0.4981685, 0.1359645], [0.036432, 0.4981685, 0.4078935], [0.271929, 0.4981685, 0.0], [0.271929, 0.4981685, 0.543858], [0.271929, 0.8262405, 0.465129], [0.271929, 0.8262405, 0.078729], [0.271929, 0.199709, 0.013087], [0.271929, 0.199709, 0.530771], [0.271929, 1.085175, 0.185196], [0.271929, 1.085175, 0.358662], [0.271929, 1.183925, 0.271929], [0.507426, 0.4981685, 0.1359645], [0.507426, 0.4981685, 0.4078935], [0.196811, 1.085175, 0.2285625], [0.196811, 1.085175, 0.3152955], [0.3152955, 1.085175, 0.347047], [0.3152955, 1.085175, 0.196811], [0.358662, 1.085175, 0.271929], [0.40135, 0.199709, 0.0477595], [0.40135, 0.199709, 0.4960985], [0.4078935, 0.4981685, 0.036432], [0.4078935, 0.4981685, 0.507426], [0.530771, 0.199709, 0.271929], [0.1046155, 0.8262405, 0.368529], [0.1046155, 0.8262405, 0.175329], [0.4960985, 0.199709, 0.142508], [0.4960985, 0.199709, 0.40135], [0.078729, 0.8262405, 0.271929], [0.543858, 0.4981685, 0.271929], [0.376004, 0.0, 0.167854], [0.439254, 0.8262405, 0.368529], [0.439254, 0.8262405, 0.175329], [0.368529, 0.8262405, 0.1046155], [0.368529, 0.8262405, 0.439254], [0.129766, 0.0, 0.233841], [0.3100285, 0.0, 0.4141035], [0.175329, 0.8262405, 0.1046155], [0.175329, 0.8262405, 0.439254], [0.167854, 0.0, 0.376004]]}