{"max": [1.80249, 1.159587, 0.1020931], "min": [-0.005256347, -3.374945e-08, -0.102093], "vertices": [[0.0, 1.661656e-08, -0.1019917], [0.0, 1.661656e-08, -0.1019917], [0.0, 1.1, 0.09800845], [0.0, 1.1, 0.09800845], [0.0, 1.1, 0.09800845], [0.0, 1.1, -0.1019915], [0.0, 1.1, -0.1019915], [0.0, -1.596757e-08, 0.09800827], [0.0, -1.596757e-08, 0.09800827], [0.0, -1.596757e-08, 0.09800827], [0.2, 1.661656e-08, -0.1019917], [0.2, 1.661656e-08, -0.1019917], [0.2, 1.661656e-08, -0.1019917], [0.2, 1.1, 0.09800845], [0.2, 1.1, 0.09800845], [0.2, 1.1, -0.1019915], [0.2, 1.1, -0.1019915], [0.2, 1.1, -0.1019915], [0.2, 0.7000003, -0.02699143], [0.2, 0.7000003, -0.02699143], [0.2, 0.7000003, -0.02699143], [0.2, 0.7000003, 0.02300856], [0.2, 0.7000003, 0.02300856], [0.2, 0.7000003, 0.02300856], [0.2, 0.9000003, -0.02699143], [0.2, 0.9000003, -0.02699143], [0.2, 0.9000003, -0.02699143], [0.2, 0.9000003, 0.02300857], [0.2, 0.9000003, 0.02300857], [0.2, 0.9000003, 0.02300857], [0.2, 0.3000003, -0.02699146], [0.2, 0.3000003, -0.02699146], [0.2, 0.3000003, -0.02699146], [0.2, 0.3000003, 0.02300854], [0.2, 0.3000003, 0.02300854], [0.2, 0.3000003, 0.02300854], [0.2, -1.596757e-08, 0.09800827], [0.2, -1.596757e-08, 0.09800827], [1.8, 0.6999997, -0.02699184], [1.8, 0.6999997, -0.02699184], [1.8, 0.6999997, -0.02699184], [1.8, 0.6999997, 0.02300815], [1.8, 0.6999997, 0.02300815], [1.8, 0.6999997, 0.02300815], [1.8, 0.8999997, -0.02699184], [1.8, 0.8999997, -0.02699184], [1.8, 0.8999997, -0.02699184], [1.8, 0.0999998, 0.02300813], [1.8, 0.0999998, 0.02300813], [1.8, 0.0999998, 0.02300813], [1.8, 0.2999998, -0.02699186], [1.8, 0.2999998, -0.02699186], [1.8, 0.2999998, -0.02699186], [1.8, 0.2999998, 0.02300814], [1.8, 0.2999998, 0.02300814], [1.8, 0.2999998, 0.02300814], [1.8, 0.09999982, -0.02699186], [1.8, 0.09999982, -0.02699186], [1.8, 0.09999982, -0.02699186], [1.8, 0.8999999, 0.02300816], [1.8, 0.8999999, 0.02300816], [1.8, 0.8999999, 0.02300816], [1.10944, 1.092477, -0.07488649], [1.212393, 1.045112, -0.07606681], [0.006394958, 1.1, -0.09762377], [1.71957, 0.2969092, -0.01837652], [0.03203338, 1.134852, -0.05563079], [1.29578, 1.002061, -0.02897445], [0.5471234, 0.3208348, 0.03568459], [0.4614172, 1.074359, -0.02676569], [0.3618076, 1.122623, -0.04896275], [0.1323267, 0.2834016, 0.008636502], [0.5546704, 0.3603534, -0.01760856], [0.5546704, 0.3787459, 0.01681905], [1.502664, 1.002061, -0.07490797], [1.206769, 1.10694, -0.0700314], [0.6659716, 0.8998364, -0.009388577], [1.140675, 1.134426, -0.04896291], [0.1873566, 1.1, 0.0828741], [1.689004, 1.092477, -0.02899595], [1.637205, 1.069996, -0.07540796], [1.299285, 1.001195, -0.0732668], [1.615381, 1.129311, -0.03385105], [0.149758, 1.159587, -0.07256268], [0.8636652, 1.140503, -0.05491933], [0.04896576, 1.134852, 0.07256298], [1.212706, 1.04482, -0.02731033], [0.8095086, 1.112376, -0.03385082], [1.585739, 1.04482, -0.07657207], [0.1666901, 1.159587, 0.05563096], [0.6645282, 0.9180269, 0.03568458], [0.9401123, 0.3247272, -0.01760873], [0.9401123, 0.340981, 0.01621857], [0.9401123, 0.2721917, 0.02073907], [0.9401123, 0.3097113, 0.0350568], [0.4563568, 1.063323, -0.07207675], [0.01104736, 1.1, 0.09030554], [0.1445847, 0.2835384, 0.03237224], [0.1445847, 0.2911984, -0.004948883], [0.1445847, 0.8954183, 0.03237227], [0.1445847, 0.9030783, -0.00494885], [0.3045489, 1.097829, -0.03343838], [0.4138251, 1.120781, -0.03143803], [0.5419659, 0.2807977, 0.021693], [0.4123199, 1.045112, -0.07606659], [0.2999999, 1.1, -0.07699163], [0.2999999, 1.1, -0.07699163], [0.2999999, 1.1, -0.07699163], [0.2999999, 1.1, -0.02699164], [0.2999999, 1.1, -0.02699164], [0.2999999, 1.1, -0.02699164], [0.4999999, 4.25445e-08, -0.0269918], [0.4999999, 4.25445e-08, -0.0269918], [0.4999999, 4.25445e-08, -0.0269918], [0.4999999, 5.069053e-08, -0.0769918], [0.4999999, 5.069053e-08, -0.0769918], [0.4999999, 5.069053e-08, -0.0769918], [0.4957068, 1.002061, -0.02897425], [1.716727, 0.9191657, -0.01678897], [1.716727, 0.3388321, -0.01678901], [1.716727, 0.3218246, 0.03569842], [1.716727, 0.9095398, 0.03569844], [0.3417459, 0.2851253, 0.01830356], [0.3417459, 0.8970052, 0.01830359], [0.3417459, 0.3266479, 0.03601265], [0.3417459, 0.3613054, 0.01645771], [0.7, 1.0, -0.07699163], [0.7, 1.0, -0.07699163], [0.7, 1.0, -0.07699163], [0.7, 1.0, -0.02699163], [0.7, 1.0, -0.02699163], [0.7, 1.0, -0.02699163], [0.7, -2.560342e-08, -0.0769918], [0.7, -2.560342e-08, -0.0769918], [0.7, -2.560342e-08, -0.0769918], [0.7, -3.374945e-08, -0.0269918], [0.7, -3.374945e-08, -0.0269918], [0.7, -3.374945e-08, -0.0269918], [0.9, 4.254449e-08, -0.0269918], [0.9, 4.254449e-08, -0.0269918], [0.9, 4.254449e-08, -0.0269918], [0.9, 5.069053e-08, -0.0769918], [0.9, 5.069053e-08, -0.0769918], [0.9, 5.069053e-08, -0.0769918], [0.9, 1.1, -0.07699163], [0.9, 1.1, -0.07699163], [0.9, 1.1, -0.07699163], [0.9, 1.1, -0.02699163], [0.9, 1.1, -0.02699163], [0.9, 1.1, -0.02699163], [1.327968, 0.8840716, 0.020739], [1.327968, 0.9215912, 0.03505675], [1.1, 4.25445e-08, -0.0269918], [1.1, 4.25445e-08, -0.0269918], [1.1, 4.25445e-08, -0.0269918], [1.1, 5.069053e-08, -0.0769918], [1.1, 5.069053e-08, -0.0769918], [1.1, 5.069053e-08, -0.0769918], [1.1, 1.1, -0.07699163], [1.1, 1.1, -0.07699163], [1.1, 1.1, -0.07699163], [1.1, 1.1, -0.02699164], [1.1, 1.1, -0.02699164], [1.1, 1.1, -0.02699164], [1.3, 1.0, -0.07699164], [1.3, 1.0, -0.07699164], [1.3, 1.0, -0.07699164], [1.3, 1.0, -0.02699164], [1.3, 1.0, -0.02699164], [1.3, 1.0, -0.02699164], [1.3, 4.25445e-08, -0.02699181], [1.3, 4.25445e-08, -0.02699181], [1.3, 4.25445e-08, -0.02699181], [1.3, 5.069053e-08, -0.0769918], [1.3, 5.069053e-08, -0.0769918], [1.3, 5.069053e-08, -0.0769918], [0.3, -2.560342e-08, -0.0769918], [0.3, -2.560342e-08, -0.0769918], [0.3, -2.560342e-08, -0.0769918], [0.3, -3.374945e-08, -0.0269918], [0.3, -3.374945e-08, -0.0269918], [0.3, -3.374945e-08, -0.0269918], [1.5, 1.0, -0.07699163], [1.5, 1.0, -0.07699163], [1.5, 1.0, -0.07699163], [1.5, 1.0, -0.02699163], [1.5, 1.0, -0.02699163], [1.5, 1.0, -0.02699163], [1.5, 4.254449e-08, -0.0269918], [1.5, 4.254449e-08, -0.0269918], [1.5, 4.254449e-08, -0.0269918], [1.5, 5.069053e-08, -0.0769918], [1.5, 5.069053e-08, -0.0769918], [1.5, 5.069053e-08, -0.0769918], [0.5, 1.0, -0.07699163], [0.5, 1.0, -0.07699163], [0.5, 1.0, -0.07699163], [0.5, 1.0, -0.02699164], [0.5, 1.0, -0.02699164], [0.5, 1.0, -0.02699164], [1.7, 1.1, -0.07699163], [1.7, 1.1, -0.07699163], [1.7, 1.1, -0.07699163], [1.7, 1.1, -0.02699163], [1.7, 1.1, -0.02699163], [1.7, 1.1, -0.02699163], [1.7, -2.560342e-08, -0.0769918], [1.7, -2.560342e-08, -0.0769918], [1.7, -2.560342e-08, -0.0769918], [1.7, -3.374945e-08, -0.0269918], [1.7, -3.374945e-08, -0.0269918], [1.7, -3.374945e-08, -0.0269918], [0.3611661, 1.069996, -0.02847431], [1.611721, 1.138661, -0.0724442], [0.3093671, 1.092477, -0.07488628], [0.09250183, 1.154147, 6.405669e-08], [0.4126324, 1.04482, -0.02731013], [0.8058484, 1.121726, -0.072444], [1.26149, 1.074359, -0.02676588], [0.9373633, 0.2905869, -0.0128287], [1.586052, 1.045112, -0.02781563], [0.6990863, 1.001195, -0.03061538], [0.1777014, 1.1, -0.08971231], [1.693823, 1.097829, -0.07044385], [1.542015, 1.063323, -0.03180547], [1.718632, 0.8935126, 0.01796848], [0.4101648, 1.111431, -0.07003123], [0.197905, 1.1, 0.0004298381], [0.8371319, 1.069996, -0.07540774], [1.536954, 1.074359, -0.07711654], [1.80249, 0.3020192, 0.01018553], [1.663738, 1.140503, -0.05491952], [1.325219, 0.9024667, -0.01282879], [0.6593707, 0.8926774, 0.02169301], [1.32814, 0.9403739, -0.0176088], [0.499212, 1.001195, -0.07326661], [0.7364984, 1.075925, -0.03180526], [1.802188, 0.8981556, 0.01018557], [0.08766387, 1.1, -0.102093], [0.2882834, 0.9820356, 0.01645776], [1.699015, 0.3577081, 0.01744974], [-0.005256347, 1.1, 0.01693222], [0.7856659, 1.04482, -0.07657189], [1.720944, 0.2910713, 0.01796844], [0.3060986, 0.9385805, 0.0360127], [1.705433, 0.9276235, 0.01744979], [0.8889313, 1.092477, -0.02899576], [0.7025915, 1.002061, -0.07490776], 