{"max": [1.350793, 1.391473, 0.9632947], "min": [-0.8514857, -0.09411284, -1.00157], "vertices": [[-0.1508275, 0.3307895, -0.1317108], [-0.1508275, 0.3307895, -0.1317108], [-0.247767, 0.880138, -0.1619023], [0.1805825, 0.3614769, -0.06717375], [-0.1572658, 0.3692092, 0.4565186], [-0.04953586, -0.05482743, -0.02897022], [-0.1278309, 0.4562348, 0.1486748], [-0.1278309, 0.4562348, 0.1486748], [0.05671189, 0.3581086, -0.2477852], [0.05671189, 0.3581086, -0.2477852], [-0.3169892, 0.3610744, 0.2477828], [-0.3169892, 0.3610744, 0.2477828], [-0.4651901, 0.2769716, 0.5929838], [-0.4651901, 0.2769716, 0.5929838], [0.0003587195, -0.03004812, -0.01906977], [0.07987757, 0.8517377, 0.2353675], [0.07987757, 0.8517377, 0.2353675], [0.1303019, 1.146943, 0.2053882], [0.5296824, 0.2269512, -0.3504875], [0.5296824, 0.2269512, -0.3504875], [-0.7489224, 0.2979044, -0.7273076], [-0.7489224, 0.2979044, -0.7273076], [-0.3396552, 0.5469735, 0.0221137], [0.3815148, 0.3179514, -0.3039944], [0.3815148, 0.3179514, -0.3039944], [0.2657516, 0.6201392, -0.04035499], [0.2657516, 0.6201392, -0.04035499], [0.08109372, 0.5451067, 0.3808699], [0.2892627, 0.8250237, 0.3213316], [0.2892627, 0.8250238, 0.3213316], [0.08580928, 1.166417, -0.05935271], [0.2553197, 1.061621, 0.01640272], [0.01646404, 0.1704067, 0.4333993], [0.01646404, 0.1704067, 0.4333993], [-0.2328415, 0.2482257, 0.1802591], [-0.2328415, 0.2482257, 0.1802591], [0.3380897, 0.2486203, -0.7062248], [0.3380897, 0.2486203, -0.7062248], [-0.0188306, 1.136687, 0.01205389], [0.2596923, 0.8452471, 0.7331563], [0.2596923, 0.8452471, 0.7331563], [-0.0158456, 0.9013518, 0.06202652], [-0.2044715, 0.4985868, -0.1817102], [-0.2044715, 0.4985868, -0.1817102], [-0.1133355, 0.7646385, 0.06097214], [-0.1133355, 0.7646385, 0.06097214], [-0.5871019, 0.3688972, 0.127831], [-0.05047981, 1.204903, -0.1016366], [0.8776226, 0.4071762, -0.3112432], [0.131421, 1.051309, -0.04078219], [0.05965142, 0.2214406, 0.2685322], [0.05965142, 0.2214406, 0.2685322], [0.008131433, 0.3889005, 0.1237497], [0.1966473, 0.1338181, -0.9200718], [0.1966473, 0.1338181, -0.9200718], [0.01519706, 0.3532357, -0.2725349], [0.01519706, 0.3532357, -0.2725349], [0.2465673, 0.3349237, 0.04209825], [0.2465673, 0.3349237, 0.04209825], [0.01968223, -0.0311662, 0.01117233], [0.008300494, 0.6875651, -0.1105878], [-0.02000286, -0.07311563, 0.007195686], [-0.8514857, 0.1494108, 0.3113735], [-0.8514857, 0.1494108, 0.3113735], [-0.04054417, 0.3334254, -0.0005299457], [-0.679323, 0.8051761, -0.07656281], [-0.679323, 0.8051761, -0.07656281], [-0.7694913, 0.2439962, -0.5573823], [-0.7694913, 0.2439962, -0.5573823], [-0.4010381, 0.4815984, -0.4341708], [-0.4010381, 0.4815984, -0.4341708], [-0.1997581, 0.3886157, 0.0238829], [-0.1088781, 0.5094057, 0.2354119], [1.350793, 0.3547105, -0.2141573], [1.350793, 0.3547105, -0.2141573], [-0.4416985, 0.5527645, 0.2038469], [-0.4416985, 0.5527645, 0.2038469], [-0.1646041, 0.327856, -0.1789963], [0.005976396, -0.06759815, 0.0345335], [-0.278222, 0.7853146, 0.005241117], [-0.1003148, 0.7423878, 0.3084419], [0.9306945, 0.221138, -0.4392053], [0.9306945, 0.221138, -0.4392053], [0.3681294, 0.7707185, 0.5507814], [0.1769179, 0.3748752, -0.6030781], [0.507396, 0.400418, 0.2816544], [-0.686332, 0.2281094, -0.3585508], [-0.686332, 0.2281094, -0.3585508], [0.2027202, 0.479411, -0.1898552], [0.2027202, 0.479411, -0.1898552], [0.1380828, 0.8507506, -0.0001533195], [-0.3016612, 0.2364353, 0.02608289], [-0.3088548, 0.4175798, -0.3254377], [-0.3088548, 0.4175798, -0.3254377], [-0.8015908, 0.08299144, 0.5236107], [-0.8015908, 0.0829915, 0.5236108], [-0.7619287, 0.2418603, 0.06896082], [-0.7619287, 0.2418603, 0.06896082], [-0.2402007, 1.14026, -0.01517875], [1.198463, 0.2564456, -0.3612381], [1.198463, 0.2564456, -0.3612381], [0.01872286, -0.03674596, 0.01632162], [-0.566168, 0.3510373, -0.4059245], [-0.5303024, 0.4544253, -0.5397609], [-0.5303024, 0.4544253, -0.5397609], [0.09638817, 0.7852449, 0.5985411], [0.09638817, 0.7852449, 0.5985411], [0.7743581, 0.1802771, 0.460624], [0.7743581, 0.1802771, 0.460624], [0.5824989, 0.5264909, -0.1404902], [0.5824989, 0.5264909, -0.1404902], [-0.164911, 1.32609, -0.01180033], [0.03437993, 0.4181621, -0.1243158], [-0.02719574, 0.9257933, 0.230323], [0.6276497, 0.2454641, 0.08855253], [0.6276497, 0.2454641, 0.08855253], [-0.4364066, 0.2202038, -0.1657279], [-0.4364066, 0.2202038, -0.1657279], [0.1647582, 0.4043604, 0.3866444], [0.1647582, 0.4043604, 0.3866444], [0.02697389, -0.0303374, 0.01786777], [-0.4812501, 0.3021805, 0.3729928], [-0.4812501, 0.3021805, 0.3729928], [0.6182981, 0.8283084, 0.9632947], [0.6182981, 0.8283084, 0.9632947], [0.0977426, 0.3237833, 0.06492276], [-0.3434913, 0.6380373, -0.1593974], [-0.3434913, 0.6380373, -0.1593974], [-0.602018, 0.7181377, 0.09857209], [-0.602018, 0.7181377, 0.09857209], [0.1668396, 1.181282, 0.02731883], [-0.05812804, 0.9046598, -0.2227529], [0.09861569, -0.09411284, -0.02731754], [0.4407085, 0.3130132, 0.007202813], [0.4407085, 0.3130132, 0.007202813], [0.7679277, 0.6081908, -0.1566615], [0.7679277, 0.6081908, -0.1566615], [-0.005443169, 1.285417, 0.0803668], [0.5444807, 0.3273109, 0.4900975], [0.5444807, 0.3273109, 0.4900975], [-0.04212024, 1.329585, 0.0694202], [-0.08534327, 0.2877143, -0.6577333], [-0.08534327, 0.2877143, -0.6577333], [-0.1279826, 0.1464095, 0.5584008], [-0.1279826, 0.1464095, 0.5584008], [-0.004877291, 0.04918051, -1.00157], [-0.004877286, 0.04918054, -1.00157], [-0.2744888, 0.4737943, -0.1632324], [-0.2744888, 0.4737943, -0.1632324], [-0.03366192, 0.01020295, 0.001608161], [-0.03557166, -0.06158147, -0.03635307], [0.6719586, 0.7975628, 0.7381985], [0.6719586, 0.7975628, 0.7381985], [0.04165076, 1.046675, -0.01742167], [-0.178842, 1.137021, -0.1075692], [0.9811811, 0.5660673, -0.1904003], [0.9811811, 0.5660673, -0.1904003], [0.0401379, 0.655834, 0.4522234], [0.0401379, 0.655834, 0.4522234], [-0.4726864, 0.09925615, 0.6934932], [-0.4726864, 0.09925615, 0.6934932], [-0.1591939, 0.2388871, -0.3226386], [-0.2442678, 1.178761, -0.03990226], [0.5852695, 0.7321985, 0.4788953], [0.5852695, 0.7321985, 0.4788953], [0.9018417, 0.04467481, 0.3290731], [0.9018417, 0.04467488, 0.3290731], [-0.2329167, 0.3401457, 0.06922638], [-0.2329167, 0.3401457, 0.06922638], [0.08791788, 0.9464409, 0.2579524], [0.6885758, 0.5320256, 0.01948636], [-0.09274385, 0.9687847, 0.1015909], [-0.08360207, 0.3593522, -0.4499167], [-0.08360207, 0.3593522, -0.4499167], [-0.3496756, 0.419645, 0.4291748], [-0.3496756, 0.419645, 0.4291748], [-0.0370228, 1.096786, 0.3297913], [0.1483417, 1.189243, 0.03964768], [-0.467433, 0.2859927, -0.1996525], [-0.467433, 0.2859927, -0.1996525], [0.3148979, 0.5510187, 0.228319], [0.3148979, 0.5510187, 0.228319], [0.1708979, 1.391473, 0.04045517], [-0.2162765, 1.106365, 0.1425107]]}