{"max": [1.767741, 1.792346, 1.373817], "min": [-1.685677, -1.619476, -1.278026], "vertices": [[-1.656512, 0.5703156, 1.292756], [1.729152, -0.9390177, 0.5078207], [1.729152, -0.9390177, 0.5078207], [0.8602368, -0.8580382, -0.6612219], [-1.586112, 0.3897429, 1.05057], [-1.122752, -1.074433, 1.016296], [-1.192192, -0.04692027, 0.3455758], [0.2232141, 1.385383, -0.7818017], [0.3884109, 0.9633684, -0.8216976], [0.3884109, 0.9633684, -0.8216976], [-0.2030822, 1.792346, -0.5164466], [1.422249, 1.177115, 0.3868005], [-0.751191, 1.494129, 0.4780581], [-0.4104038, 0.06453371, -1.237279], [0.046441, 1.227854, 1.081546], [0.9809946, 0.3599094, 0.5421096], [1.539433, -0.6281433, -0.03167349], [0.5062503, 1.489125, -0.5597709], [0.7502951, -0.01500893, 0.7761949], [-0.1506252, 1.329093, 0.883676], [0.6574644, -0.6540529, -0.7070471], [-1.55755, 0.8370627, 0.957452], [1.314898, -0.6978753, -0.1886412], [1.542034, -0.9512793, 0.5453497], [0.5296385, 0.06645095, -1.105581], [0.2677198, -0.4231936, 0.9951876], [-1.084933, 0.9238441, -0.256508], [-0.7408562, -0.8805584, -0.3730721], [1.024123, -0.8853852, -0.4988294], [0.9914062, -1.416476, -0.5982336], [-0.3709874, -1.581872, 0.197219], [1.122619, 1.357855, 0.3270582], [0.8316571, -1.009056, -0.811876], [0.5368603, -0.2970003, 0.8610797], [-0.3589733, 0.590229, -1.111674], [-0.6983141, -1.001752, 1.139092], [0.2552936, 0.08459318, -1.257371], [-1.407324, 1.386345, 0.8259901], [-1.407324, 1.386345, 0.8259901], [1.195236, -0.2890377, 0.7134687], [-0.5673035, 0.3299172, 1.209121], [0.4583477, -0.7126234, -1.049405], [0.3785397, -1.253256, -1.073599], [-0.1862091, 0.925032, -1.223767], [-1.231027, 0.06378063, 0.09141793], [0.9906818, -1.25402, 0.6298896], [0.9906818, -1.25402, 0.6298896], [-0.3388926, -1.435894, 1.092353], [-0.3388926, -1.435894, 1.092353], [0.7327951, 0.622726, -0.5589661], [-0.1252401, 0.523729, 1.186244], [0.3256783, -1.498417, -0.8677531], [-1.310666, 1.401266, 0.491545], [-1.53473, 0.8604965, 1.154476], [-1.53473, 0.8604965, 1.154476], [1.157494, -0.7559087, 0.7181446], [1.630902, 0.4808299, 0.4359856], [1.094198, -1.1354, -0.4522225], [-1.078794, -0.9758798, 0.4532107], [0.07437851, -0.0176636, -1.109643], [1.276703, -1.362307, -0.1912757], [-0.04383716, 0.8237605, -1.116732], [1.386207, -0.4246032, 0.620399], [-1.467489, 0.009676754, 0.9381975], [0.5089283, 0.1908815, 1.054097], [-0.5421309, 0.3767391, -1.128171], [1.334408, 0.3114474, -0.7217847], [-0.6085808, -1.51892, 0.6424108], [1.64468, -0.2721487, 0.4466328], [1.64468, -0.2721487, 0.4466328], [-1.119311, 0.03972083, 0.5036483], [1.004273, 0.6013728, 0.5666006], [0.8260202, -0.2226694, -0.8446341], [-1.055503, -1.187298, 0.840703], [0.128753, 1.31688, -0.8828042], [0.128753, 1.31688, -0.8828042], [0.677361, -0.8084185, -1.008016], [0.01430564, 0.1450464, 1.171817], [-1.118799, 0.9391527, 0.2723678], [0.9148855, 0.6262646, 0.9416208], [-0.2279753, 1.393158, -1.142898], [-0.4035913, 1.332258, 1.043361], [-0.2037065, -1.008558, -1.012415], [-0.1360457, 0.02800095, -1.202282], [-1.544678, -0.1523278, 1.110941], [1.565722, -0.3119632, -0.2006832], [-0.245414, -0.8393741, -1.070987], [0.4021508, -0.4563841, -1.046787], [-1.206054, -0.5882551, 0.669596], [-1.14103, -0.9447499, 1.096142], [1.606403, 0.3019859, 0.2078254], [-1.571197, 0.1410471, 1.368174], [1.710211, -0.6543119, 0.4702387], [1.710211, -0.6543119, 0.4702387], [0.5541918, 0.7592195, -0.5764002], [0.5541918, 0.7592195, -0.5764002], [-0.1384802, 1.542066, -0.9283376], [-0.1384802, 1.542066, -0.9283376], [-0.08363473, -0.3610565, 1.151939], [-0.2040264, -1.557207, 0.8869765], [-0.1489608, 0.7529047, -1.173426], [0.8217272, 0.5724146, -0.9681149], [-1.304852, 1.456602, 0.6263217], [-1.304852, 1.456602, 0.6263217], [-0.6735355, -0.8198806, -0.5209458], [0.03623218, -1.533217, -0.7677128], [0.2500741, -1.53911, -0.5818184], [-0.5310459, -1.352918, 1.154858], [-0.5310459, -1.352918, 1.154858], [0.7319301, 0.9142933, 0.9050514], [0.4346834, -0.2802852, -0.967751], [-1.073195, -0.6165231, 1.063311], [-1.297771, -0.6079033, 1.17075], [-1.297771, -0.6079033, 1.17075], [-1.044715, 0.53016, -0.2866307], [1.547925, -1.094986, 0.5934002], [0.9031839, 1.456456, -0.1268053], [-0.2199265, 1.630311, -0.8812509], [-0.2199265, 1.630311, -0.8812509], [-1.267458, -0.1940322, 1.237247], [-0.596162, 1.563554, -0.8868171], [-1.083586, 0.4490935, 0.144671], [0.726526, -0.8630291, -0.8040912], [0.463399, -0.9954907, -1.034992], [0.4602502, 0.7238841, -1.01503], [1.683943, -0.4680125, 0.4181137], [1.683943, -0.4680125, 0.4181137], [0.5175174, 1.122971, -0.7632942], [-1.444441, 1.043958, 1.049566], [-0.8425005, -1.364519, 0.4812179], [-1.079984, 0.1740104, -0.02822773], [-1.126256, -0.5288576, 1.233506], [1.541072, -0.5500787, 0.5942899], [1.627024, -0.09875196, -0.08299964], [-1.336432, 0.8625401, 1.24281], [-0.72952, 0.7527527, -0.9372933], [0.07873602, 0.4127548, -1.243822], [-0.5509523, 0.6789787, -1.15286], [0.03818052, 1.109301, -1.179775], [-1.495111, -0.1546608, 1.243079], [-1.495111, -0.1546608, 1.243079], [-1.053255, 1.02268, -0.4333671], [0.5054983, 1.266644, 0.7891133], [0.4718087, -1.540458, -0.03103852], [0.3893076, -0.1930528, 1.002483], [0.9892564, 0.9808002, -0.3655947], [1.482146, 1.079387, 0.2521006], [1.05565, 0.63983, -0.4992216], [1.268642, -1.319067, -0.3535833], [-0.01619126, -0.9454076, 1.086672], [0.3851681, 0.05392849, -1.253886], [-0.03684533, 0.2426541, -1.075698], [-0.4548114, -0.3819315, 1.112437], [0.8396142, -1.479262, 0.2532942], [1.261707, 1.150809, -0.01307034], [-0.9564946, 0.06811139, -0.4060573], [1.507083, 0.5761458, 0.1207153], [1.507083, 0.5761458, 0.1207153], [0.01618255, -1.616301, -0.1085382], [-1.166924, 0.8472418, 1.341544], [1.11378, -1.288291, 0.58981], [-1.234316, 1.203682, 0.06312788], [-1.06126, -0.1681231, 1.276676], [-0.7565048, 1.61086, -0.278955], [-0.7565048, 1.61086, -0.278955], [-0.4320504, -1.497799, 0.9352176], [-1.107724, -0.2226032, 0.02143663], [1.188724, 0.6660291, -0.3162572], [1.188724, 0.6660291, -0.3162572], [-0.9778168, 0.544376, 1.373817], [0.7418325, 0.6585013, -0.8676614], [0.5963938, 1.399268, -0.6050817], [1.530461, -1.263226, 0.5202355], [0.9354786, -1.553797, -0.5626186], [-0.9405022, -1.129214, 0.3463428], [0.1037039, -1.025389, -1.082789], [0.9840751, -1.093273, 0.6651309], [-0.1745169, -1.467227, 1.048018], [-0.1745169, -1.467227, 1.048018], [-0.1252548, -0.1584054, -1.120361], [-1.096442, 0.7834874, 0.3197155], [-0.5550839, 1.400621, -1.176605], [-0.6401783, 1.600436, 0.1552321], [0.2297097, -0.5994749, -1.124028], [0.6616713, 0.07808399, -0.9825671], [0.07253338, 1.043476, 1.055309], [1.052655, 0.666211, -0.3817618], [1.052655, 0.666211, -0.3817618], [0.7434582, -0.6431519, 0.8363018], [-1.624977, 0.02748036, 1.327493], [-1.624977, 0.02748036, 1.327493], [1.286191, -0.4811202, -0.4562616], [1.517743, -0.9742088, 0.04806578], [0.2354083, -0.3432961, -1.007451], [-0.6562781, -0.7910048, 1.124053], [-1.228584, 0.8099216, 0.5217305], [1.03516, 0.8936522, 0.736059], [0.3308144, -0.2154727, -1.116654], [0.7117245, 1.490611, -0.2602345], [-0.7716419, -1.184606, 1.167697], [-0.7716419, -1.184606, 1.167697], [-0.09813404, -1.204646, 1.064307], [-0.4571766, 1.291773, 1.228553], [0.6366346, -1.587608, -0.704019], [-0.5387254, 1.073328, 1.29344], [-0.01015963, -1.386735, -0.9015992], [1.01585, -0.1709054, 0.6287692], [1.13137, 0.8314651, -0.1885024], [-1.078358, 0.6496911, -0.1564549], [0.9102244, 1.12293, 0.7115923], [0.1199268, -1.249817, -1.098151], [-0.4453519, 0.9561944, 1.28033], [-0.2280258, 1.677155, -0.79492], [-0.2280258, 1.677155, -0.79492], [0.586835, 0.6378242, -1.01183], [-1.309101, -0.6701946, 1.034675], [-1.685677, 0.2196773, 1.261134], [-1.685677, 0.2196773, 1.261134], [-0.4082677, 1.722133, -0.7558529], [-0.4082677, 1.722133, -0.7558529], [0.2150795, 1.616181, -0.3788799], [1.66022, -0.04309765, 0.3120421], [-1.186628, 1.104353, -0.06310308], [-0.8170587, -1.349415, 0.911242], [0.2175986, -1.580517, 0.2532123], [-0.3025806, 