{"max": [1.1758, 1.10529, 1.12546], "min": [-0.1359, -0.17089, -0.10639], "vertices": [[0.32256, 0.5378, -0.09137], [0.81024, 0.86336, 0.67711], [0.5776, 0.11895, 0.85787], [1.05344, 0.66807, 0.35384], [0.81824, 0.80377, 0.90538], [0.11904, 0.86285, 0.68035], [0.48672, 0.01865, 0.76944], [0.42784, 0.02499, 0.20469], [0.6375501, 0.8967201, 0.55712], [0.40437, 1.05552, 0.5759301], [0.62261, 1.03335, 0.23219], [0.06165, 0.59579, 0.56134], [0.26549, 0.02175, 0.16036], [0.21045, 0.16834, 0.06816], [0.60565, -0.14302, 0.30354], [0.86261, 0.09594, 0.8217201], [1.10453, 0.34215, 0.28353], [0.65365, -0.03086, 0.22587], [0.99445, 0.26011, 0.43412], [0.48661, 0.65702, 0.94161], [0.71861, 0.64197, 0.00336], [1.05877, 0.35513, 0.27709], [0.39573, -0.15766, 0.65763], [0.09898, 0.64075, 0.90795], [0.5473, 0.58361, 1.09653], [0.04138, 0.13394, 0.24489], [0.24586, 0.15802, 0.17225], [0.99242, 0.13363, 0.41957], [0.41706, -0.14505, 0.83736], [0.90666, 0.00268, 0.78165], [1.02538, 0.32908, 0.33074], [-0.1359, 0.54567, 0.4793], [0.89962, 0.69091, 0.26657], [-0.01654, 0.33562, 0.1738], [0.11978, -0.03471, 0.47472], [0.36426, 0.75474, 0.94559], [0.6913, 0.7324, 0.95154], [0.41802, 0.97812, 0.8247], [-0.0223, 0.5638, 0.48698], [0.8728501, -0.04319, 0.50262], [-0.00065, 0.80282, 0.40534], [0.08063, 0.52727, 0.06315], [0.35263, 0.76088, 0.00494], [0.71775, 0.82255, 0.19068], [-0.06145, 0.25667, 0.68023], [0.58015, 0.28675, 0.05842], [0.01919, 0.38342, 0.28246], [0.75007, 0.63443, 0.98924], [0.41727, 0.95057, 0.38151], [1.04255, 0.36482, 0.66266], [0.38399, 0.7712, 0.95746], [0.11007, 0.35156, 0.95364], [0.17236, 0.7253301, 0.83546], [1.03092, 0.88474, 0.5904], [0.5394, 0.54043, -0.03225], [0.31924, 0.489, 0.06267], [0.5074, -0.02796, 0.03944], [0.06964, 0.58942, 0.36542], [0.30164, 0.88947, 0.09926], [-0.13548, 0.13971, 0.47613], [0.25972, 0.3177, 1.06173], [0.237, 0.48686, 0.99652], [0.58964, 0.21813, 0.02229], [0.7122, 0.84326, 0.07051], [0.58772, 0.44579, 0.0166], [0.06484, 0.88059, 0.36315], [0.85588, 0.51016, 0.80625], [0.06420001, 0.68271, 0.30882], [0.6019101, 0.03946, 0.9345199], [0.8739101, 0.4156, 0.13354], [1.02761, 0.44743, 0.8807201], [-0.05239, 0.2665, 0.24122], [-0.02743, 0.15393, 0.76882], [0.28521, 0.02111, 0.45754], [0.18761, -0.02522, 0.31347], [0.06377, 0.47604, 0.04029], [0.49833, 0.7403, 0.11845], [0.63273, 0.68707, -0.02355], [-0.05143, 0.48516, 0.56643], [0.99977, 0.56456, 0.4293], [0.92841, 0.22133, 0.07744], [0.75081, 0.70054, 0.0691], [1.08841, 0.34013, 0.27855], [0.17097, 0.90422, 0.40751], [0.62121, 0.63507, -0.10639], [0.52574, 0.60502, 0.05052], [0.55198, 0.47369, -0.09232], [0.93086, 0.249, 0.8870401], [0.95582, 0.18752, 0.25233], [0.92382, 0.5586, 0.87963], [0.44435, -0.04589, 0.77458], [0.72819, 0.9058601, 0.15575], [1.08019, 0.65341, 0.65872], [0.36915, -0.14935, 0.331], [0.30963, 0.23762, 1.04121], [-0.08685, 0.42473, 0.53785], [0.82739, 0.35818, 0.82858], [-0.03565, 0.57932, 0.21935], [0.86483, 0.43753, 0.18448], [0.39955, 0.62518, 1.12546], [0.30259, 0.7423, -0.04772], [0.62707, 0.90579, 0.40144], [0.94035, 0.45438, 0.008560001], [0.65075, 0.06493, 0.9058], [0.8028499, 0.91602, 0.36157], [0.8137299, 0.07977, 0.58198], [0.06824, 0.15839, 0.2903], [0.51656, 0.15297, 0.02296], [0.09256, 0.1395, 0.48463], [0.92488, 0.62433, 0.68735], [0.15944, 0.05662, 0.18142], [0.10056, 0.10381, 0.8890001], [0.77832, 0.02146, 0.44417], [0.43304, 0.8111801, 0.97917], [0.65128, 0.09284, 0.05922], [0.18472, 0.81412, 0.70363], [0.9076, 0.52383, 0.25359], [0.31976, 0.08226001, 0.92333], [0.15528, 0.48791, 0.06773], [0.20189, 0.89794, 0.21296], [0.29373, 0.97193, 0.77393], [0.04669, 0.18811, 0.06501], [0.63005, 0.19911, -0.09682], [0.25981, 0.17803, 0.85573], [1.00957, 0.12778, 0.36142], [0.22973, 0.34575, 1.02323], [0.29597, -0.13639, 0.29763], [0.79997, 0.90955, 0.31692], [0.05949, 0.43212, 0.67697], [0.37213, 0.67245, 0.09581], [0.37021, 1.00718, 0.29084], [0.28829, 0.74773, 0.81615], [0.75762, 0.61995, 0.94809], [0.68754, -0.10787, 0.60907], [0.8501, 0.21852, 0.24608], [0.8357, 0.56976, 1.05889], [0.52114, 0.93158, 0.74778], [0.57554, 1.10529, 0.41336], [0.9301, 0.45157, 0.18931], [0.17586, 0.10712, 0.67631], [0.37906, 0.66232, 1.04565], [0.92498, -0.04794, 0.62803], [0.6885, 1.06177, 0.50973], [0.86482, 0.77728, 0.40229], [0.67218, 0.89869, 0.40624], [0.46642, 0.45182, 1.03831], [0.86226, 0.31682, 0.92645], [0.69394, 0.75052, 0.21762], [0.58322, 1.0102, 0.43975], [0.43975, 0.87529, 0.27346], [0.13383, 0.53237, 0.88623], [1.08935, 0.47949, 0.37868], [0.74279, 0.53172, -0.01872], [0.52391, 0.22597, 0.99678], [-0.01017, 0.33199, 0.79706], [0.94471, 0.54262, 0.23854], [-0.05465, 0.65339, 0.64603], [0.63687, 0.22392, -0.07806], [0.33415, 0.76833, 0.89999], [0.36103, 0.10934, 0.04303], [0.25031, -0.15873, 0.57662], [0.8097801, 0.76993, 0.41673], [0.70524, 0.0048, 0.67441], [0.75964, 0.91823, 0.38399], [0.66396, 0.25739, 0.9116901], [0.23804, 0.63964, 0.9464501], [0.63068, 0.06476, 0.06411], [0.83132, 0.45912, -0.00801], [0.37916, 0.86811, 0.07851], [0.91132, 0.80885, 0.38394], [0.3734, 1.0112, 0.71314], [0.2902, 0.79192, 0.27779], [0.60284, -0.10009, 0.52354], [0.60284, 0.41379, -0.04618], [0.69596, 0.92442, 0.42441], [0.9142, 0.32822, 0.31048], [-0.04847, 0.70172, 0.37567], [0.15473, 0.73947, 0.1024], [0.57361, 0.22705, 1.02618], [0.94065, 0.79517, 0.85233], [0.87185, 0.74485, 0.20949], [0.72049, 0.40682, -0.08392], [0.15505, -0.00525, 0.3484], [0.98673, 0.63887, 0.45516], [0.47313, 0.5058801, 1.06048], [0.90897, 0.69603, 0.63031], [0.11142, 0.78184, 0.64977], [0.8999, 0.20786, 0.64731], [0.54278, 0.36285, 1.07596], [0.29446, 0.91208, 0.54754], [0.91782, 0.2725, 0.8478], [0.72646, 0.42049, 1.04319], [0.2343, 0.40656, 1.02709], [0.7927, 0.17883, 0.21576], [0.45126, 1.03209, 0.69578], [0.12358, 0.19091, 0.28103], [0.1911, 0.73121, 0.18621], [0.51686, 0.45297, 1.06842], [0.41798, 0.48784, -0.02942], [0.22406, 0.9273, 0.38262], [0.9313599, 0.65758, 0.8017201], [0.81659, 0.46499, 0.97311], [0.20123, 0.79243, 0.2268], [0.48763, 0.81416, 0.13407], [0.06299, 0.45484, 0.29675], [-0.00965, 0.10876, 0.41266], [0.68379, 0.62584, 0.89992], [0.58747, 0.6207, -0.05364], [-0.07429, 0.25498, 0.62604], [0.52411, 0.99488, 0.75108], [0.35835, 0.90341, 0.58638], [0.97179, 0.40192, 0.09721], [0.58715, 0.89629, 0.76619], [0.5738201, -0.00789, 0.16627], [-0.0216, 0.45238, 0.10337], [0.46928, 0.77163, 0.07284], [0.89136, 0.14025, 0.88933], [0.4792, 1.03345, 0.46599], [0.44592, 1.08699, 0.48292], [0.30896, 0.28893, 0.08831], [0.70416, 0.43671, 1.02514], [0.30768, 0.03204, 0.68699], [0.45456, 0.94607, 0.20688], [0.89104, 0.1695, 0.42326], [0.15248, 0.87628, 0.51828], [1.02288, 0.79883, 0.41305], [0.36496, -0.11644, 0.39406], [1.00656, 0.44688, 0.49653], [0.34864, 0.26196, -0.09425], [0.9333901, 0.72332, 0.78122], [0.90309, -0.01824, 0.6744], [0.57541, 0.55025, 0.95073], [0.76549, 0.22202, 0.02108], [0.76421, 0.33376, 0.93765], [0.46085, 1.04498, 0.59503], [1.12805, 0.63967, 0.48446], [0.02661, 0.13387, 0.74099], [0.84389, 0.66033, 0.22674], [0.10661, 0.32728, 0.04098], [0.02405, 0.33028, 0.91002], [0.06405, 0.69334, 0.1434], [0.85189, 0.04009, 0.20495], [0.01701, 0.37671, 0.46723], [0.95813, 0.5075, 0.21212], [0.78586, 0.95565, 0.66898], [0.65946, -0.09775, 0.30019], [-0.02342, 0.70257, 0.50332], [0.69818, 0.1972, 1.0351], [0.67066, 0.10115, 0.18981], [0.86138, 0.76894, 0.1652], [0.57242, 0.47882, -0.06457], [0.49274, 0.8300101, 0.03146], [0.89978, 0.75042, 0.12016], [0.17498, 0.34833, 0.15441], [0.58458, 0.0673, 0.88362], [0.76879, -0.17089, 0.49826], [0.32975, 0.71693, 0.06612], [0.09391, 0.81736, 0.60544], [0.34767, 0.83319, 0.738], [0.40751, 0.1915, 1.0189], [1.07599, 0.39303, 0.67537], [0.57999, 0.08881, 0.98284], [0.833, 0.12903, 0.12652], [0.20388, 0.94168, 0.57163], [0.449, 1.04161, 0.32411], [0.8986, 0.14559, 0.26852], [0.65156, 0.72064, 0.0726], [-0.04764, 0.11616, 0.45718], [0.45444, 0.62437, -0.05233], [0.0698, 0.19816, 0.11067], [0.56004, 0.79817, 0.00089], [0.38052, 