{"max": [0.5315378, 0.5320796, 0.15602], "min": [-0.5513197, -9.313226e-09, -0.2462278], "vertices": [[-0.4939699, 5.587935e-09, 0.01754001], [-0.4939699, 0.2155548, 0.01753993], [0.4537421, 0.2155547, -0.01098475], [-0.4524696, 2.328306e-09, 0.006420111], [-0.4524696, 2.328306e-09, 0.006420111], [-0.4524696, 0.2155548, 0.006420031], [-0.4524696, 0.2155548, 0.006420031], [0.3972661, 0.2375946, -0.1648515], [-0.4204286, 0.2063444, -0.1049195], [0.4049897, 0.2414193, -0.1581424], [0.4049897, 0.2414193, -0.1581424], [-0.5003901, -2.328306e-09, -0.006420111], [-0.5003901, 0.2155548, -0.00642018], [0.412721, 0.2063444, -0.1049224], [-0.4588898, 0.2155547, -0.01754017], [-0.4588898, -5.587935e-09, -0.0175401], [0.3973253, 0.2063445, 0.1540145], [0.3973253, 0.2063445, 0.1540145], [0.3973253, 0.5095676, -0.2387814], [0.3973253, 0.5095676, -0.2387814], [-0.4126612, 0.5115933, -0.2313226], [-0.4126612, 0.5115933, -0.2313226], [-0.4126612, 0.5115933, -0.2313226], [-0.4127148, 0.23377, -0.1715614], [0.4050542, 0.5075422, -0.2462278], [0.4050542, 0.5075422, -0.2462278], [0.4049979, 0.2140306, -0.1041676], [0.4049979, 0.2140306, -0.1041676], [0.4049979, 0.1986583, -0.1056742], [-0.4049912, 0.2375946, -0.1648524], [-0.4049323, 0.2063445, 0.1540117], [-0.4049323, 0.2063445, 0.1540117], [-0.4049323, 0.5095676, -0.238769], [-0.4049323, 0.5095676, -0.238769], [-0.4700097, 9.313226e-09, 0.02396021], [-0.4700097, 0.2155548, 0.02396005], [0.3972749, 0.2063444, -0.1049195], [0.4982234, 3.72529e-09, 0.01098451], [0.4982235, 0.2155548, 0.0109845], [-0.4126552, 0.2140307, 0.1547664], [-0.4126552, 0.2140307, 0.1547664], [-0.4126552, 0.2140307, 0.1547664], [-0.4126552, 0.1986584, 0.1532598], [-0.4126552, 0.1986584, 0.1532598], [0.47759, 9.313226e-09, 0.02475317], [0.47759, 0.2155548, 0.02475309], [0.496616, -4.656613e-09, -0.01376872], [0.496616, 0.2155548, -0.01376879], [0.4050423, 0.5115933, -0.2313226], [0.4050423, 0.5115933, -0.2313226], [0.4050423, 0.5115933, -0.2313226], [-0.4127138, 0.2414193, -0.1581424], [-0.4127138, 0.2414193, -0.1581424], [-0.4828501, 0.2155547, -0.02396038], [-0.4828501, -9.313226e-09, -0.02396021], [-0.4204373, 0.2375946, -0.1648515], [0.4127711, 0.2063445, 0.1540117], [0.4127711, 0.2063445, 0.1540117], [0.4127711, 0.5095676, -0.238769], [0.4127711, 0.5095676, -0.238769], [0.4049887, 0.23377, -0.1715614], [0.4127123, 0.2375946, -0.1648524], [-0.5513197, 0.2587546, 0.0112756], [-0.5513197, 0.2587546, 0.0112756], [-0.5513197, 0.2587546, 0.1387592], [-0.5513197, 0.2587546, 0.1387592], [-0.5513197, 0.2820404, -0.1476017], [-0.5513197, 0.2820404, -0.1476017], [-0.5513197, 0.2750056, -0.1689327], [-0.5513197, 0.2750056, -0.1689327], [-0.5513197, 0.2750056, -0.1689327], [-0.5513197, 0.3032863, -0.1300783], [-0.5513197, 0.3032863, -0.1300783], [-0.5513197, 0.2363297, 0.02726224], [-0.5513197, 0.2363297, 0.02726224], [-0.5513197, 0.2363297, 0.1547458], [-0.5513197, 0.2363297, 0.1547458], [-0.5513197, 0.5037989, -0.2309468], [-0.5513197, 0.5037989, -0.2309468], [-0.5513197, 0.2139047, 0.02853636], [-0.5513197, 0.2139047, 0.02853636], [-0.5513197, 0.2139047, 0.02853636], [-0.5513197, 0.2139047, -0.08153239], [-0.5513197, 0.2139047, -0.08153239], [-0.5513197, 0.2139047, 0.04595107], [-0.5513197, 0.2139047, 0.04595107], [-0.5513197, 0.2139047, 0.04595107], [-0.5513197, 0.2139048, 0.1560199], [-0.5513197, 0.2139048, 0.1560199], [-0.5513197, 0.3813238, -0.1974207], [-0.5513197, 0.3813238, -0.1974207], [-0.5513197, 0.3974805, -0.2024589], [-0.5513197, 0.3974805, -0.2024589], [-0.5513197, 0.3974805, -0.2024589], [-0.5513197, 0.4045154, -0.1811278], [-0.5513197, 0.4045154, -0.1811278], [-0.5513197, 0.4257612, -0.1636046], [-0.5513197, 0.4257612, -0.1636046], [-0.4049824, 0.2063444, -0.1049224], [0.5315374, 0.2587546, 0.0112756], [0.5315374, 0.2587546, 0.0112756], [0.5315374, 0.2587546, 0.1387592], [0.5315374, 0.2587546, 0.1387592], [0.5315374, 0.2750056, -0.1689327], [0.5315374, 0.2750056, -0.1689327], [0.5315374, 0.2750056, -0.1689327], [0.5315374, 0.3032863, -0.1300783], [0.5315374, 0.3032863, -0.1300783], [0.5315374, 0.2363297, 0.02726224], [0.5315374, 0.2363297, 0.02726224], [0.5315374, 0.2363297, 0.1547458], [0.5315374, 0.2363297, 0.1547458], [0.5315374, 0.2139047, 0.02853645], [0.5315374, 0.2139047, 0.02853645], [0.5315374, 0.2139047, 0.02853645], [0.5315374, 0.2139048, 0.15602], [0.5315374, 0.2139048, 0.15602], [0.5315374, 0.5320796, -0.1920926], [0.5315374, 0.5320796, -0.1920926], [0.5315374, 0.4045152, -0.1811278], [0.5315374, 0.4045152, -0.1811278], [0.5315374, 0.4096045, -0.1585664], [0.5315374, 0.4096045, -0.1585664], [0.5315374, 0.3974805, -0.2024589], [0.5315374, 0.3974805, -0.2024589], [0.5315374, 0.3974805, -0.2024589], [0.5315374, 0.2820402, -0.1476017], [0.5315374, 0.2820402, -0.1476017], [0.5315374, 0.4257612, -0.1636046], [0.5315374, 0.4257612, -0.1636046], [-0.4203781, 0.2063445, 0.1540145], [-0.4203781, 0.2063445, 0.1540145], [-0.4203781, 0.5095676, -0.2387814], [-0.4203781, 0.5095676, -0.2387814], [0.4553493, 4.656613e-09, 0.01376861], [0.4553493, 4.656613e-09, 0.01376861], [0.4553493, 0.2155548, 0.01376854], [0.4553493, 0.2155548, 0.01376854], [0.4743753, 0.2155547, -0.02475336], [0.4743753, -9.313226e-09, -0.02475328], [-0.5513194, 0.2587546, 0.02869029], [-0.5513194, 0.2587546, 0.02869029], [-0.5513194, 0.2587546, -0.09879327], [-0.5513194, 0.2587546, -0.09879327], [-0.5513194, 0.2363296, -0.09751907], [-0.5513194, 0.2363296, -0.09751907], [-0.5513194, 0.2363297, 0.0299644], [-0.5513194, 0.2363297, 0.0299644], [-0.5513194, 0.5320796, -0.1920926], [-0.5513194, 0.5320796, -0.1920926], [-0.5513194, 0.5250448, -0.2134237], [-0.5513194, 0.5250448, -0.2134237], [-0.5513194, 0.4025698, -0.1798976], [-0.5513194, 0.4025698, -0.1798976], [-0.5513194, 0.4096047, -0.1585664], [-0.5513194, 0.4096047, -0.1585664], [-0.4126493, 0.5075422, -0.2462278], [-0.4126493, 0.5075422, -0.2462278], [-0.4127056, 0.2140306, -0.1041676], [-0.4127056, 0.2140306, -0.1041676], [-0.4127056, 0.1986583, -0.1056742], [0.5315378, 0.2587546, 0.02869029], [0.5315378, 0.2587546, 0.02869029], [0.5315378, 0.2587546, -0.09879327], [0.5315378, 0.2587546, -0.09879327], [0.5315378, 0.2363296, -0.09751907], [0.5315378, 0.2363296, -0.09751907], [0.5315378, 0.2363297, 0.02996449], [0.5315378, 0.2363297, 0.02996449], [0.5315378, 0.5037989, -0.2309468], [0.5315378, 0.5037989, -0.2309468], [0.5315378, 0.2139047, -0.08153239], [0.5315378, 0.2139047, -0.08153239], [0.5315378, 0.2139047, 0.04595107], [0.5315378, 0.2139047, 0.04595107], [0.5315378, 0.2139047, 0.04595107], [0.5315378, 0.3813238, -0.1974207], [0.5315378, 0.3813238, -0.1974207], [0.5315378, 0.5250448, -0.2134237], [0.5315378, 0.5250448, -0.2134237], [0.5315378, 0.4025697, -0.1798976], [0.5315378, 0.4025697, -0.1798976], [0.453742, -3.72529e-09, -0.01098475], [0.4050483, 0.2140307, 0.1547664], [0.4050483, 0.2140307, 0.1547664], [0.4050483, 0.2140307, 0.1547664], [0.4050483, 0.1986584, 0.1532598], [0.4050483, 0.1986584, 0.1532598]]}